,Area,x,y,XM,YM,Major,Minor,Angle,frame,particle,dx,dy,time,dv,dv_m,Area_m,dx_m,filename,particle_u
0,570,339.116,59.638999999999996,339.116,59.638999999999996,36.385,19.947,166.513,49,0,6.8799999999999955,0.355000000000004,4.895104895104895,6.889152705521917,45.99659919437702,253.58673000000002,45.93548959999997,D,D0
1,1832,64.652,97.88600000000001,64.652,97.88600000000001,49.848,46.794,150.204,49,1,13.316999999999993,4.22199999999998,4.895104895104895,13.970245989244415,93.27472228900852,815.036648,88.91321438999996,D,D1
2,360,413.57800000000003,108.775,413.57800000000003,108.775,27.088,16.921,168.18599999999998,49,2,6.623999999999967,1.9629999999999939,4.895104895104895,6.908744097156844,46.12740445116419,160.16004,44.22626207999978,D,D2
3,587,345.996,59.994,345.996,59.994,36.503,20.475,8.396,50,0,6.02000000000001,0.1374999999999993,4.9950049950049955,6.021570081797614,40.204036318035676,261.14984300000003,40.19355340000007,D,D0
4,1787,77.969,102.10799999999999,77.969,102.10799999999999,75.566,30.11,5.018,50,1,10.216499999999996,1.8814999999999955,4.9950049950049955,10.3883066233145,69.35929518268523,795.016643,68.21219905499999,D,D1
5,349,420.202,110.738,420.202,110.738,27.085,16.406,175.00099999999998,50,2,6.2879999999999825,0.7449999999999974,4.9950049950049955,6.331979864149899,42.27653999957371,155.26626100000001,41.98290095999989,D,D2
6,604,351.156,59.913999999999994,351.156,59.913999999999994,33.753,22.784000000000002,160.511,51,0,6.32650000000001,1.3049999999999997,5.094905094905095,6.459692504291526,43.129235152628105,268.712956,42.23995275500007,D,D0
7,1849,85.085,101.649,85.085,101.649,65.453,35.968,156.556,51,1,9.997500000000002,0.7355000000000018,5.094905094905095,10.024518267727384,66.9304003825874,822.5997610000001,66.75000832500002,D,D1
8,353,426.154,110.265,426.154,110.265,24.514,18.335,11.99,51,2,6.527499999999975,0.5524999999999949,5.094905094905095,6.5508405949160196,43.73780087485794,157.045817,43.581963424999834,D,D2
9,596,358.649,62.604,358.649,62.604,38.009,19.965,1.868,52,0,6.637999999999977,1.468500000000006,5.194805194805195,6.798495145986331,45.39130858635256,265.153844,44.31973545999985,D,D0
10,1774,97.964,103.579,97.964,103.579,59.345,38.061,22.804000000000002,52,1,9.524500000000003,2.3305000000000007,5.194805194805195,9.805474516819677,65.46791754221444,789.2330860000001,63.59194341500002,D,D1
11,350,433.25699999999995,111.84299999999999,433.25699999999995,111.84299999999999,24.180999999999997,18.429000000000002,168.83700000000002,52,2,6.3995000000000175,1.6075000000000017,5.194805194805195,6.598307093489983,44.05471902189177,155.71115,42.727349665000126,D,D2
12,592,364.43199999999996,62.851000000000006,364.43199999999996,62.851000000000006,31.401999999999997,24.004,167.95,53,0,6.966499999999996,0.8654999999999973,5.294705294705294,7.020057870131837,46.87060977977314,263.37428800000004,46.51302155499998,D,D0
13,1778,104.134,106.31,104.134,106.31,77.146,29.345,170.551,53,1,7.054000000000002,0.33500000000000085,5.294705294705294,7.06195022638931,47.150311218026715,791.012642,47.09723018000001,D,D1
14,351,438.95300000000003,113.48,438.95300000000003,113.48,27.003,16.551,166.873,53,2,6.350000000000023,1.1799999999999997,5.294705294705294,6.458707301000742,43.12265727537263,156.15603900000002,42.39685450000015,D,D2
15,350,445.957,114.20299999999999,445.957,114.20299999999999,27.323,16.31,179.25400000000002,54,2,6.61099999999999,0.9724999999999966,5.394605394605395,6.682146155989097,44.61448477530772,155.71115,44.13946536999993,D,D2
16,1836,112.072,104.249,112.072,104.249,54.88399999999999,42.593,144.846,54,1,11.251999999999995,0.12699999999999534,5.394605394605395,11.252716694203222,75.13067597068583,816.8162040000001,75.12589083999998,D,D1
17,588,372.582,64.335,372.582,64.335,39.277,19.061,172.477,54,0,8.004500000000007,0.3554999999999957,5.394605394605395,8.012390436068385,53.4960868527847,261.594732,53.44340501500005,D,D0
18,594,380.441,63.562,380.441,63.562,31.775,23.802,4.3180000000000005,55,0,6.641999999999996,0.6080000000000041,5.4945054945054945,6.669769711166942,44.53185133745699,264.264066,44.34644213999997,D,D0
19,1781,126.63799999999999,106.564,126.63799999999999,106.564,71.7,31.627,10.209,55,1,10.590499999999992,1.8860000000000028,5.4945054945054945,10.757122582270773,71.82175763136979,792.3473090000001,70.70927363499995,D,D1
20,345,452.175,115.425,452.175,115.425,24.691,17.79,6.859,55,2,5.847000000000008,1.2580000000000027,5.4945054945054945,5.98080036449973,39.931830369644416,153.486705,39.03848949000006,D,D2
21,574,385.866,65.551,385.866,65.551,37.441,19.52,168.96900000000002,56,0,5.83450000000002,0.9975000000000023,5.594405594405594,5.919155049498217,39.520244944333264,255.36628600000003,38.95503111500013,D,D0
22,1833,133.253,108.021,133.253,108.021,70.267,33.214,160.952,56,1,9.67900000000001,0.8940000000000055,5.594405594405594,9.720199432110443,64.89856394238883,815.4815370000001,64.62348893000006,D,D1
23,352,457.651,116.719,457.651,116.719,24.101999999999997,18.595,165.577,56,2,6.005499999999984,1.0575000000000045,5.594405594405594,6.097896071597138,40.71363976435047,156.600928,40.09674168499989,D,D2
24,354,464.186,117.54,464.186,117.54,26.994,16.697,168.692,57,2,6.391500000000008,1.2780000000000058,5.694305694305695,6.518017816023527,43.518654011709806,157.49070600000002,42.673936305000055,D,D2
25,1795,145.996,108.352,145.996,108.352,52.777,43.305,25.954,57,1,10.256,1.8189999999999955,5.694305694305695,10.416059571642243,69.54459246019663,798.5757550000001,68.47592752,D,D1
26,597,392.11,65.557,392.11,65.557,35.196,21.596999999999998,10.238999999999999,57,0,5.875499999999988,0.42249999999999943,5.694305694305695,5.8906711417290865,39.33006729184834,265.59873300000004,39.228774584999925,D,D0
27,597,397.61699999999996,66.396,397.61699999999996,66.396,34.985,21.726999999999997,160.789,58,0,6.585999999999984,1.3930000000000007,5.794205794205794,6.731704464695386,44.945369248297744,265.59873300000004,43.9725486199999,D,D0
28,1801,153.765,111.65899999999999,153.765,111.65899999999999,78.442,29.233,177.493,58,1,7.064999999999998,0.9479999999999933,5.794205794205794,7.128318806001872,47.59343232246852,801.245089,47.17067354999999,D,D1
29,346,470.434,119.275,470.434,119.275,26.71,16.494,178.114,58,2,6.113500000000016,0.8489999999999966,5.794205794205794,6.172170060035627,41.20954267473807,153.93159400000002,40.81782204500011,D,D2
30,597,405.282,68.343,405.282,68.343,36.82,20.644000000000002,5.3229999999999995,59,0,6.845500000000044,1.3810000000000002,5.894105894105894,6.9834111471400995,46.62593170377589,265.59873300000004,45.7051444850003,D,D0
31,1835,160.126,110.24799999999999,160.126,110.24799999999999,60.018,38.928000000000004,148.977,59,1,10.938000000000002,-0.11299999999999955,5.894105894105894,10.93858368345738,73.0333135218294,816.3713150000001,73.02941646000002,D,D1
32,355,476.413,119.238,476.413,119.238,24.906,18.148,10.502,59,2,6.324999999999989,0.6239999999999952,5.894105894105894,6.355706176342629,42.43495275640154,157.935595,42.22993774999993,D,D2
33,353,483.084,120.523,483.084,120.523,24.358,18.452,167.641,60,2,6.2964999999999804,1.794000000000004,5.994005994005994,6.547087004920567,43.71273939314301,157.045817,42.03965265499987,D,D2
34,584,411.30800000000005,69.158,411.30800000000005,69.158,32.469,22.901,163.132,60,0,7.046500000000009,0.7929999999999993,5.994005994005994,7.090980979385019,47.34413997563058,259.815176,47.04715515500006,D,D0
35,1787,175.641,111.43299999999999,175.641,111.43299999999999,67.191,33.863,16.175,60,1,11.378,1.7175000000000011,5.994005994005994,11.506897507582137,76.82775738194843,795.016643,75.96715126,D,D1
36,592,419.375,69.929,419.375,69.929,38.985,19.335,178.322,61,0,7.478999999999957,-0.04299999999999926,6.093906093906094,7.479123611760896,49.93564024493562,263.37428800000004,49.93481492999971,D,D0
37,1833,182.882,113.68299999999999,182.882,113.68299999999999,73.945,31.561999999999998,165.73,61,1,9.959000000000017,0.6890000000000072,6.093906093906094,9.982805317144093,66.65189677681646,815.4815370000001,66.49295653000011,D,D1
38,344,489.006,122.82600000000001,489.006,122.82600000000001,27.011,16.215,169.222,61,2,6.227000000000004,1.203000000000003,6.093906093906094,6.342139859700357,42.34437493706558,153.041816,41.57562409000003,D,D2
39,607,426.26599999999996,69.072,426.26599999999996,69.072,30.993000000000002,24.936,175.02,62,0,6.451999999999998,0.634999999999998,6.193806193806194,6.483172757223116,43.28600505296886,270.04762300000004,43.07787483999999,D,D0
40,1809,195.55900000000003,112.811,195.55900000000003,112.811,50.113,45.961999999999996,166.24599999999998,62,1,10.468999999999994,1.2274999999999991,6.193806193806194,10.540717112701577,70.37688972486124,804.804201,69.89805822999996,D,D1
41,345,495.538,122.929,495.538,122.929,27.07,16.227,0.16899999999999998,62,2,6.442000000000007,0.813999999999993,6.193806193806194,6.49322416061544,43.35311495645629,153.486705,43.01110814000005,D,D2
42,585,432.279,71.199,432.279,71.199,38.57,19.312,174.16299999999998,63,0,6.279500000000013,1.3644999999999996,6.293706293706294,6.426039254470841,42.904543509147835,260.260065,41.92614926500009,D,D0
43,1825,203.82,116.13799999999999,203.82,116.13799999999999,76.568,30.348000000000003,2.7539999999999996,63,1,7.099999999999994,1.5180000000000007,6.293706293706294,7.260463070631234,48.47571596979144,811.9224250000001,47.40435699999996,D,D1
44,346,501.89,124.454,501.89,124.454,24.197,18.206,5.43,63,2,5.702500000000015,1.2154999999999987,6.293706293706294,5.830604299727445,38.929020809861235,153.93159400000002,38.0737106750001,D,D2
45,607,438.825,71.801,438.825,71.801,32.525,23.761999999999997,10.433,64,0,6.575000000000017,1.1385000000000005,6.393606393606394,6.672841017887375,44.552357438898106,270.04762300000004,43.89910525000011,D,D0
46,1815,209.75900000000001,115.84700000000001,209.75900000000001,115.84700000000001,63.772,36.236999999999995,153.07399999999998,64,1,10.461000000000013,-0.2839999999999989,6.393606393606394,10.464854370701977,69.87037923123476,807.4735350000001,69.84464487000008,D,D1
47,350,506.94300000000004,125.36,506.94300000000004,125.36,24.53,18.167,162.68,64,2,5.620999999999981,0.8674999999999997,6.393606393606394,5.687547560240686,37.97387816903218,155.71115,37.529562069999876,D,D2
48,351,513.132,126.189,513.132,126.189,26.898000000000003,16.615,168.8,65,2,6.15149999999997,1.1330000000000027,6.4935064935064934,6.2549693244651206,41.76236603957654,156.15603900000002,41.0715355049998,D,D2
49,1818,224.74200000000002,115.57,224.74200000000002,115.57,63.568000000000005,36.414,21.72,65,1,11.403999999999996,1.8149999999999977,6.4935064935064934,11.547529649236667,77.09904478316898,808.808202,76.14074467999998,D,D1
50,593,445.42900000000003,73.476,445.42900000000003,73.476,36.615,20.621,164.36,65,0,7.675000000000011,1.4469999999999956,6.4935064935064934,7.810213441385591,52.14621777769593,263.819177,51.24344225000008,D,D0
51,591,454.175,74.695,454.175,74.695,34.857,21.588,7.3389999999999995,66,0,7.325499999999977,1.228500000000004,6.593406593406594,7.427796611378079,49.59294680128968,262.92939900000005,48.90994608499985,D,D0
52,1814,232.567,119.477,232.567,119.477,75.902,30.43,169.329,66,1,9.883999999999986,1.1485000000000056,6.593406593406594,9.950502914425972,66.43622429366046,807.0286460000001,65.9922062799999,D,D1
53,350,519.246,127.626,519.246,127.626,27.153000000000002,16.412,178.18200000000002,66,2,6.147500000000036,0.8705000000000069,6.593406593406594,6.208826499428089,41.45428562393654,155.71115,41.044828825000245,D,D2
54,578,460.08,75.933,460.08,75.933,34.497,21.333000000000002,161.407,67,0,6.751500000000021,0.6980000000000075,6.693306693306694,6.787485267019023,45.31779925774791,257.145842,45.077537505000144,D,D0
55,1829,244.51,117.867,244.51,117.867,54.053000000000004,43.083,149.98,67,1,10.859499999999983,1.0229999999999961,6.693306693306694,10.907578523668743,72.82630230162339,813.701981,72.50529786499989,D,D1
56,356,525.427,127.93,525.427,127.93,24.513,18.491,7.751,67,2,6.523500000000013,0.7719999999999914,6.693306693306694,6.569020950644027,43.85918511053646,158.38048400000002,43.55525674500009,D,D2
57,591,467.67800000000005,76.09100000000001,467.67800000000005,76.09100000000001,38.296,19.649,2.9819999999999998,68,0,6.614000000000033,-0.23450000000000415,6.793206793206793,6.618155804300805,44.187242313901066,262.92939900000005,44.15949538000022,D,D0
58,1809,254.28599999999997,121.523,254.28599999999997,121.523,73.833,31.195999999999998,7.537000000000001,68,1,7.6410000000000196,2.2234999999999943,6.793206793206793,7.957941520895983,53.13254941432058,804.804201,51.01643547000013,D,D1
59,348,532.293,129.17,532.293,129.17,24.389,18.168,168.608,68,2,6.214999999999975,1.4954999999999927,6.793206793206793,6.392397457136068,42.679928330136676,154.82137200000003,41.49550404999983,D,D2
60,613,473.30800000000005,75.464,473.30800000000005,75.464,32.073,24.335,164.75900000000001,69,0,5.990499999999969,0.8434999999999988,6.893106893106893,6.049593581390375,40.39113997706168,272.71695700000004,39.996591634999795,D,D0
61,1814,259.79200000000003,122.314,259.79200000000003,122.314,67.634,34.149,156.916,69,1,9.633000000000024,-0.7194999999999965,6.893106893106893,9.659832775467724,64.49551569698208,807.0286460000001,64.31636211000016,D,D1
62,347,537.857,130.921,537.857,130.921,27.294,16.187,170.30599999999998,69,2,6.03449999999998,1.0990000000000038,6.893106893106893,6.13375832993115,40.95308022870141,154.376483,40.290365114999865,D,D2
63,1842,273.552,120.084,273.552,120.084,57.972,40.455999999999996,29.267,70,1,12.044999999999987,1.4510000000000076,6.993006993006993,12.132082508786352,81.00191132393859,819.485538,80.42049014999992,D,D1
64,341,544.362,131.368,544.362,131.368,27.053,16.049,0.605,70,2,6.600000000000023,0.9825000000000017,6.993006993006993,6.672728546104683,44.55160650192075,151.70714900000002,44.06602200000015,D,D2
65,605,479.659,77.778,479.659,77.778,38.855,19.825,178.71099999999998,70,0,6.415999999999968,1.5189999999999984,6.993006993006993,6.593361585716317,44.02169949850457,269.157845,42.837514719999795,D,D0
66,345,551.057,132.886,551.057,132.886,24.250999999999998,18.114,4.622,71,2,5.972500000000025,1.2535000000000025,7.092907092907093,6.102623902879834,40.745205933640705,153.486705,39.87641157500017,D,D2
67,1808,283.882,125.21600000000001,283.882,125.21600000000001,77.762,29.603,174.6,71,1,9.918499999999995,1.408999999999999,7.092907092907093,10.01807981850813,66.8874129818387,804.359312,66.22255139499997,D,D1
68,614,486.14,78.502,486.14,78.502,31.073,25.159000000000002,179.16299999999998,71,0,6.895999999999987,1.0744999999999933,7.092907092907093,6.979209572007406,46.59787917313469,273.161846,46.04231631999991,D,D0
69,590,493.45099999999996,79.92699999999999,493.45099999999996,79.92699999999999,38.519,19.503,168.18400000000003,72,0,8.140999999999991,0.8115000000000023,7.192807192807193,8.1813454425296,54.624143675774114,262.48451,54.35477046999994,D,D0
70,1867,293.389,122.902,293.389,122.902,58.117,40.903,150.89,72,1,10.513499999999993,0.7294999999999945,7.192807192807193,10.538778510814232,70.36394631979806,830.6077630000001,70.19517004499997,D,D1
71,357,556.307,133.875,556.307,133.875,24.559,18.509,163.814,72,2,5.933499999999981,1.0444999999999993,7.192807192807193,6.024732566678772,40.22515118596716,158.825373,39.61602144499987,D,D2
72,602,502.42199999999997,80.125,502.42199999999997,80.125,33.152,23.12,8.052999999999999,73,0,7.217999999999989,0.818000000000005,7.292707292707293,7.2642031909907265,48.500687519192056,267.82317800000004,48.19220405999993,D,D0
73,1804,304.909,126.675,304.909,126.675,69.9,32.86,12.344000000000001,73,1,8.668000000000006,2.6125000000000043,7.292707292707293,9.05314200982179,60.44484166271686,802.5797560000001,57.87337556000005,D,D1
74,354,562.924,134.975,562.924,134.975,26.938000000000002,16.732,167.976,73,2,6.4325000000000045,1.2450000000000045,7.292707292707293,6.551876162596487,43.74471501852309,157.49070600000002,42.94767977500003,D,D2
75,574,507.88699999999994,81.563,507.88699999999994,81.563,35.787,20.422,163.859,74,0,6.148500000000041,0.859499999999997,7.392607392607393,6.208284183250675,41.45066475778429,255.36628600000003,41.05150549500028,D,D0
76,1789,310.725,128.127,310.725,128.127,70.931,32.113,161.635,74,1,8.62700000000001,-0.6985000000000028,7.392607392607393,8.655231438269006,57.78812408694752,795.906421,57.599632090000064,D,D1
77,348,569.172,136.365,569.172,136.365,26.846,16.505,178.577,74,2,5.903999999999996,1.0700000000000074,7.392607392607393,6.000176330742287,40.061197302177106,154.82137200000003,39.419059679999975,D,D2
78,604,514.719,81.844,514.719,81.844,37.87,20.307000000000002,6.17,75,0,6.34800000000007,0.03450000000000131,7.492507492507492,6.34809374930781,42.384127093190976,268.712956,42.38350116000047,D,D0
79,1863,322.163,125.27799999999999,322.163,125.27799999999999,51.855,45.744,35.061,75,1,12.119499999999988,0.7950000000000017,7.492507492507492,12.145546725034642,81.09180745263704,828.828207,80.91790206499992,D,D1
80,358,574.732,137.115,574.732,137.115,24.439,18.651,5.524,75,2,6.179499999999962,0.6199999999999903,7.492507492507492,6.210524957682685,41.465625669211256,159.270262,41.25848226499974,D,D2
81,1813,334.964,129.717,334.964,129.717,77.582,29.754,0.9590000000000001,76,1,10.29849999999999,1.7914999999999992,7.592407592407593,10.45316098125346,69.79230632870554,806.5837570000001,68.75968599499994,D,D1
82,351,581.531,137.605,581.531,137.605,24.217,18.454,165.979,76,2,6.197499999999991,1.3889999999999958,7.592407592407593,6.351246117888983,42.405174417925835,156.15603900000002,41.37866232499994,D,D2
83,613,520.5830000000001,81.632,520.5830000000001,81.632,32.836,23.769000000000002,159.995,76,0,6.290499999999952,1.1915000000000049,7.592407592407593,6.402348202027081,42.74636617002815,272.71695700000004,41.99959263499968,D,D0
84,615,527.3,84.227,527.3,84.227,38.769,20.198,1.382,77,0,6.594499999999925,1.543999999999997,7.6923076923076925,6.772840338439923,45.22001990245168,273.606735,44.0293003149995,D,D0
85,1897,342.76,128.861,342.76,128.861,63.169,38.236,154.124,77,1,10.603499999999997,0.6944999999999908,7.6923076923076925,10.62621957706502,70.94776146360272,843.9544330000001,70.79607034499998,D,D1
86,351,587.127,139.893,587.127,139.893,27.418000000000003,16.3,170.459,77,2,6.246000000000038,1.2625000000000028,7.6923076923076925,6.372316866729125,42.54585685458434,156.15603900000002,41.702480820000254,D,D2
87,624,533.7719999999999,84.72,533.7719999999999,84.72,31.68,25.079,171.609,78,0,7.008000000000038,1.0844999999999985,7.792207792207792,7.09141764741018,47.347055463934126,277.61073600000003,46.79010336000026,D,D0
88,1799,356.171,131.106,356.171,131.106,63.736000000000004,35.938,18.952,78,1,9.507499999999993,2.3490000000000038,7.792207792207792,9.793383340296646,65.38718874665841,800.355311,63.478440024999955,D,D1
89,346,594.023,140.13,594.023,140.13,27.34,16.113,179.52599999999998,78,2,6.509500000000003,1.0870000000000033,7.792207792207792,6.599633266326247,44.06357344028247,153.93159400000002,43.461783365000024,D,D2
90,1802,361.775,133.559,361.775,133.559,74.922,30.624000000000002,166.813,79,1,7.605499999999978,-0.332499999999996,7.892107892107893,7.612764708041334,50.82791774323834,801.6899780000001,50.77941368499985,D,D1
91,597,541.316,86.396,541.316,86.396,39.185,19.398,171.37,79,0,8.004000000000019,0.5330000000000013,7.892107892107893,8.021727058433259,53.55842439922958,265.59873300000004,53.44006668000013,D,D0
92,353,600.146,142.067,600.146,142.067,25.179000000000002,17.851,5.457000000000001,79,2,5.615000000000009,1.2914999999999992,7.892107892107893,5.7616141184567455,38.4683961362766,157.045817,37.48950205000006,D,D2
93,608,549.78,85.786,549.78,85.786,32.373000000000005,23.913,5.414,80,0,7.062999999999988,0.5664999999999978,7.992007992007992,7.085682130183362,47.308761308131345,270.49251200000003,47.15732020999992,D,D0
94,1873,371.38199999999995,130.441,371.38199999999995,130.441,51.196000000000005,46.581,140.856,80,1,11.978000000000009,0.3894999999999982,7.992007992007992,11.984331197442776,80.01542457603026,833.277097,79.97315326000006,D,D1
95,348,605.253,142.713,605.253,142.713,23.598000000000003,18.776,168.68599999999998,80,2,5.836000000000013,0.8070000000000022,7.992007992007992,5.891531634473344,39.33581251793914,154.82137200000003,38.96504612000009,D,D2
96,1829,385.731,134.338,385.731,134.338,75.097,31.01,6.881,81,1,10.670500000000033,1.8084999999999951,8.091908091908092,10.822672613546096,72.25941355868481,813.701981,71.24340723500022,D,D1
97,359,611.818,143.681,611.818,143.681,26.919,16.98,169.07,81,2,6.340999999999951,1.035499999999999,8.091908091908092,6.424993482486919,42.89756123471594,159.71515100000002,42.33676446999968,D,D2
98,583,555.442,87.529,555.442,87.529,37.279,19.912,167.907,81,0,6.094500000000039,0.8744999999999976,8.091908091908092,6.1569213491809744,41.10773206443614,259.370287,40.69096531500026,D,D0
99,1908,392.723,134.058,392.723,134.058,67.793,35.835,157.894,82,1,10.531500000000023,0.5204999999999984,8.191808191808192,10.544354532165563,70.40117557427385,848.8482120000001,70.31535010500016,D,D1
100,352,617.935,144.784,617.935,144.784,27.159000000000002,16.502,177.481,82,2,6.022500000000036,0.8044999999999902,8.191808191808192,6.075995926595114,40.5674197232198,156.600928,40.210245075000245,D,D2
101,606,561.969,87.535,561.969,87.535,35.588,21.680999999999997,10.374,82,0,6.153999999999996,0.25199999999999534,8.191808191808192,6.159157409905998,41.12266150399708,269.602734,41.088227179999976,D,D0
102,621,567.75,88.03299999999999,567.75,88.03299999999999,34.499,22.919,159.33100000000002,83,0,6.663499999999942,1.1574999999999989,8.291708291708291,6.76328607261287,45.156229222432174,276.276069,44.48999054499962,D,D0
103,1814,406.79400000000004,135.379,406.79400000000004,135.379,57.751999999999995,39.993,25.026999999999997,83,1,10.626499999999993,2.058000000000007,8.291708291708291,10.823948736482443,72.26793381041024,807.0286460000001,70.94963375499995,D,D1
104,366,623.863,145.29,623.863,145.29,25.345,18.387,11.824000000000002,83,2,6.567000000000007,0.8299999999999983,8.291708291708291,6.6192438389894726,44.19450676246585,162.829374,43.84569189000005,D,D2
105,623,575.2959999999999,89.85,575.2959999999999,89.85,38.156,20.789,4.184,84,0,6.882999999999981,1.4120000000000132,8.391608391608392,7.026338520168223,46.91254360745157,277.16584700000004,45.955519609999875,D,D0
106,1838,413.976,138.174,413.976,138.174,77.774,30.09,173.669,84,1,7.432499999999976,0.5794999999999959,8.391608391608392,7.455057109103835,49.77495614864031,817.7059820000001,49.62434977499984,D,D1
107,355,631.069,146.444,631.069,146.444,23.894000000000002,18.917,167.55700000000002,84,2,5.961999999999932,1.3880000000000052,8.391608391608392,6.121436759454369,40.8708131687462,157.935595,39.80630653999955,D,D2
108,362,635.7869999999999,148.066,635.7869999999999,148.066,26.497,17.395,163.472,85,2,5.7964999999999804,1.2535000000000025,8.491508491508492,5.930486868714893,39.59590376174266,161.04981800000002,38.70131765499987,D,D2
109,619,581.516,90.85700000000001,581.516,90.85700000000001,32.408,24.319000000000003,165.149,85,0,7.2625000000000455,0.9200000000000017,8.491508491508492,7.320540024479114,48.87682996523896,275.386291,48.48931587500031,D,D0
110,1891,421.659,136.53799999999998,421.659,136.53799999999998,57.746,41.693999999999996,145.214,85,1,11.619,0.10299999999999443,8.491508491508492,11.619456527738292,77.57927681505443,841.2850990000001,77.57622873000001,D,D1
111,599,589.821,91.69,589.821,91.69,39.49,19.313,175.52599999999998,86,0,8.122000000000014,0.2294999999999945,8.591408591408591,8.125241796402136,54.24955814478425,266.488511,54.2279137400001,D,D0
112,1832,437.214,138.38,437.214,138.38,69.84100000000001,33.398,12.883,86,1,11.32250000000002,1.8395000000000152,8.591408591408591,11.470953164406195,76.58776886419591,815.036648,75.59659607500014,D,D1
113,346,642.6619999999999,148.951,642.6619999999999,148.951,27.256999999999998,16.163,173.46900000000002,86,2,6.547500000000014,1.079499999999996,8.591408591408591,6.635893044647433,44.30566801440618,153.93159400000002,43.71549682500009,D,D2
114,1915,444.30400000000003,140.217,444.30400000000003,140.217,72.752,33.515,163.507,87,1,10.303499999999985,0.6465000000000032,8.691308691308691,10.323762613504812,68.92835612870917,851.962435,68.7930693449999,D,D1
115,356,648.882,150.225,648.882,150.225,26.154,17.331,4.617,87,2,5.736500000000035,1.0205000000000126,8.691308691308691,5.826564382206759,38.9020476137484,158.38048400000002,38.30071745500023,D,D2
116,318,6.692,73.83,6.692,73.83,24.938000000000002,16.236,87.0,87,3,4.648,15.432000000000002,8.691308691308691,16.116777841739957,107.60640711260993,141.474702,31.03316216,D,D3
117,624,597.76,91.316,597.76,91.316,31.7,25.063000000000002,0.35100000000000003,87,0,6.648500000000013,0.7115000000000009,8.691308691308691,6.686462779377462,44.64330544518612,277.61073600000003,44.38984049500009,D,D0
118,356,654.135,150.99200000000002,654.135,150.99200000000002,24.083000000000002,18.820999999999998,174.88299999999998,88,2,5.827000000000055,0.8469999999999942,8.791208791208792,5.88823725744816,39.313817049686406,158.38048400000002,38.90495609000037,D,D2
119,1848,457.82099999999997,139.673,457.82099999999997,139.673,50.968,46.165,19.219,88,1,10.830999999999989,1.438999999999993,8.791208791208792,10.926174170312303,72.95045929769904,822.1548720000001,72.31501276999994,D,D1
120,530,11.34,89.262,11.34,89.262,27.823,24.254,44.398,88,3,0.17200000000000015,5.583999999999996,8.791208791208792,5.586648369102888,37.300207566538184,235.79117000000002,1.148387240000001,D,D3
121,600,603.118,93.113,603.118,93.113,38.522,19.832,170.97299999999998,88,0,6.014999999999986,1.016999999999996,8.791208791208792,6.100369988779355,40.730157292983456,266.9334,40.16017004999991,D,D0
122,638,7.0360000000000005,84.99799999999999,7.0360000000000005,84.99799999999999,49.043,16.563,97.54799999999999,89,3,4.741,-5.588500000000003,8.89110889110889,7.328602407690025,48.93065983735176,283.839182,31.65409247,D,D3
123,620,609.79,93.35,609.79,93.35,34.989000000000004,22.561999999999998,10.699000000000002,89,0,6.255999999999972,0.34600000000000364,8.89110889110889,6.2655607889477585,41.83308175274383,275.83118,41.769247519999816,D,D0
124,1875,465.966,143.095,465.966,143.095,77.884,30.651999999999997,0.162,89,1,7.488500000000016,1.4720000000000084,8.89110889110889,7.631802948845068,50.955029794465396,834.1668750000001,49.99824329500011,D,D1
125,365,660.5360000000001,151.91899999999998,660.5360000000001,151.91899999999998,26.38,17.617,166.053,89,2,6.3419999999999845,1.302999999999983,8.89110889110889,6.47447086641061,43.22790539963773,162.384485,42.3434411399999,D,D2
126,1086,20.822,78.085,20.822,78.085,50.403999999999996,27.433000000000003,8.612,90,3,7.526999999999999,0.6695000000000064,8.991008991008991,7.556716168416013,50.45370014017814,483.14945400000005,50.25529508999999,D,D3
127,623,615.63,93.805,615.63,93.805,35.571999999999996,22.299,159.732,90,0,6.97950000000003,1.2550000000000026,8.991008991008991,7.091434639760873,47.34716891625223,277.16584700000004,46.5998182650002,D,D0
128,1898,472.798,142.61700000000002,472.798,142.61700000000002,63.427,38.101,150.362,90,1,11.299999999999983,-0.21250000000000568,8.991008991008991,11.301997887541814,75.45971023581382,844.3993220000001,75.44637099999989,D,D1
129,357,666.819,153.59799999999998,666.819,153.59799999999998,27.266,16.671,176.00599999999997,90,2,6.390999999999963,0.9770000000000039,8.991008991008991,6.465246321680214,43.166316158572634,158.825373,42.670597969999754,D,D2
130,1850,488.566,142.67,488.566,142.67,65.301,36.071,19.408,91,1,11.814499999999981,1.6909999999999883,9.090909090909092,11.934902230433206,79.68540367486648,823.04465,78.88151771499987,D,D1
131,1282,22.09,86.337,22.09,86.337,53.581,30.464000000000002,149.065,91,3,2.0749999999999993,1.3305000000000078,9.090909090909092,2.4649249988589954,16.45749079213189,570.347698,13.854090249999995,D,D3
132,630,623.749,95.86,623.749,95.86,37.843,21.197,4.455,91,0,7.150500000000022,1.2434999999999974,9.090909090909092,7.257819403925693,48.458065079608566,280.28007,47.74152883500015,D,D0
133,373,673.318,153.873,673.318,153.873,26.593000000000004,17.859,8.492,91,2,6.634999999999991,1.0655000000000001,9.090909090909092,6.720008575143329,44.867279653402214,165.943597,44.29970544999994,D,D2
134,358,680.0889999999999,155.72899999999998,680.0889999999999,155.72899999999998,24.005,18.989,173.02900000000002,92,2,5.916999999999973,1.5485000000000042,9.19080919080919,6.116268572422216,40.83630688943424,159.270262,39.50585638999983,D,D2
135,1925,496.42699999999996,145.999,496.42699999999996,145.999,75.797,32.336,168.27200000000002,92,1,10.297000000000025,1.1210000000000093,9.19080919080919,10.35784002579691,69.15587976503747,856.411325,68.74967099000017,D,D1
136,1789,24.971999999999998,80.74600000000001,24.971999999999998,80.74600000000001,54.21,42.018,65.575,92,3,6.780499999999998,-0.31799999999999784,9.19080919080919,6.787952876235955,45.320921330178315,795.906421,45.27116093499999,D,D3
137,624,629.931,96.292,629.931,96.292,32.652,24.333000000000002,164.31799999999998,92,0,7.223000000000013,0.7319999999999993,9.19080919080919,7.259996763084691,48.472602588184664,277.61073600000003,48.225587410000095,D,D0
138,1667,35.650999999999996,85.70100000000001,35.650999999999996,85.70100000000001,75.516,28.107,5.57,93,3,5.760500000000002,1.7554999999999978,9.290709290709291,6.022054508222258,40.2072706734123,741.6299630000001,38.46095753500001,D,D3
139,607,638.195,97.324,638.195,97.324,39.836,19.401,175.887,93,0,8.434499999999957,0.08799999999999386,9.290709290709291,8.434959054435256,56.317438069976234,270.04762300000004,56.31437311499972,D,D0
140,1880,509.16,144.912,509.16,144.912,52.607,45.501999999999995,148.8,93,1,11.055500000000023,1.103500000000011,9.290709290709291,11.110436197557705,74.18071604714761,836.3913200000001,73.81392518500016,D,D1
141,368,685.1519999999999,156.97,685.1519999999999,156.97,26.54,17.654,161.15200000000002,93,2,6.02800000000002,1.1715000000000089,9.290709290709291,6.140781403860608,40.99997097571401,163.719152,40.246966760000134,D,D2
142,1842,36.493,84.257,36.493,84.257,71.982,32.582,148.602,94,3,6.888500000000004,-1.7025000000000006,9.390609390609391,7.0957690562757225,47.37610838496443,819.485538,45.99224129500003,D,D3
143,629,646.8,96.46799999999999,646.8,96.46799999999999,31.945,25.07,179.835,94,0,7.164999999999964,0.5105000000000004,9.390609390609391,7.183163317786912,47.95961102896835,279.83518100000003,47.83834054999976,D,D0
144,1893,518.538,148.20600000000002,518.538,148.20600000000002,75.657,31.858,5.406000000000001,94,1,7.7464999999999975,1.804000000000002,9.390609390609391,7.953783895103007,53.1047903189174,842.174877,51.72082415499999,D,D1
145,355,692.145,158.072,692.145,158.072,27.537,16.414,174.195,94,2,6.538499999999999,1.295500000000004,9.390609390609391,6.6656059364471885,44.50405118769885,157.935595,43.65540679499999,D,D2
146,358,698.2289999999999,159.561,698.2289999999999,159.561,26.663,17.095,3.471,95,2,5.9465000000000146,1.132000000000005,9.49050949050949,6.0532872267884485,40.415801228481634,159.270262,39.702818155000095,D,D2
147,1910,524.653,148.52,524.653,148.52,67.357,36.105,154.539,95,1,10.458000000000027,-0.522500000000008,9.49050949050949,10.471044372458774,69.91170783026433,849.7379900000001,69.82461486000018,D,D1
148,1772,49.428000000000004,82.296,49.428000000000004,82.296,60.95399999999999,37.014,38.946,95,3,10.504999999999999,0.502999999999993,9.49050949050949,10.517035418786037,70.21877486954618,788.3433080000001,70.13841835,D,D3
149,607,652.525,98.345,652.525,98.345,38.675,19.983,170.333,95,0,6.32000000000005,1.0745000000000076,9.49050949050949,6.410690309943278,42.80206367168899,270.04762300000004,42.19655440000034,D,D0
150,1821,57.503,85.26299999999999,57.503,85.26299999999999,85.133,27.235,175.821,96,3,7.741999999999994,0.02300000000000324,9.59040959040959,7.742034164223244,51.69100724324441,810.142869,51.69077913999996,D,D3
151,631,659.44,98.617,659.44,98.617,35.233000000000004,22.803,10.742,96,0,6.589499999999987,0.4825000000000017,9.59040959040959,6.607141325868535,44.11370227618667,280.724959,43.995916964999914,D,D0
152,1894,539.4540000000001,147.161,539.4540000000001,147.161,60.997,39.535,25.68,96,1,12.149000000000001,1.4204999999999899,9.59040959040959,12.231762802229284,81.66744374876019,842.619766,81.11486383,D,D1
153,366,704.038,160.336,704.038,160.336,24.089000000000002,19.345,177.725,96,2,6.254000000000019,0.555499999999995,9.59040959040959,6.278622161748566,41.9202882286818,162.829374,41.755894180000126,D,D2
154,372,710.737,160.672,710.737,160.672,26.035,18.192999999999998,163.22299999999998,97,2,6.427500000000009,1.4329999999999927,9.690309690309691,6.585305251087462,43.96791001077813,165.49870800000002,42.91429642500006,D,D2
155,1891,548.951,151.361,548.951,151.361,77.60600000000001,31.025,172.446,97,1,10.38149999999996,1.2245000000000061,9.690309690309691,10.45346557367456,69.79433999178573,841.2850990000001,69.31384960499973,D,D1
156,1865,64.91199999999999,82.34200000000001,64.91199999999999,82.34200000000001,65.492,36.258,138.437,97,3,10.414000000000001,-0.10799999999998988,9.690309690309691,10.414560000307263,69.5345803172515,829.7179850000001,69.53084138000001,D,D3
157,632,665.704,99.31,665.704,99.31,35.89,22.421,159.585,97,0,7.184499999999957,1.2764999999999986,9.690309690309691,7.297019425765522,48.71979068942589,281.169848,47.968535614999716,D,D0
158,1777,78.331,85.04700000000001,78.331,85.04700000000001,70.917,31.904,23.061999999999998,98,3,7.792500000000004,2.6289999999999907,9.79020979020979,8.224031690722017,54.90914566849297,790.567753,52.027950975000024,D,D3
159,625,673.809,101.17,673.809,101.17,37.282,21.345,4.975,98,0,7.226000000000056,1.0964999999999918,9.79020979020979,7.308720014475913,48.7979116590509,278.055625,48.24561742000038,D,D0
160,1901,560.217,149.61,560.217,149.61,56.659,42.718999999999994,147.539,98,1,10.856499999999983,0.7545000000000073,9.79020979020979,10.882686364129016,72.66010556678928,845.7339890000001,72.48526785499989,D,D1
161,366,716.893,163.202,716.893,163.202,27.504,16.942999999999998,173.169,98,2,6.52800000000002,1.386499999999998,9.79020979020979,6.6736171788618694,44.55753960959168,162.829374,43.585301760000135,D,D2
162,1833,80.497,87.6,80.497,87.6,83.315,28.011999999999997,165.765,99,3,5.792000000000002,-0.5225000000000009,9.89010989010989,5.815519774706301,38.82830641418832,815.4815370000001,38.67127264000001,D,D3
163,616,680.1560000000001,101.50299999999999,680.1560000000001,101.50299999999999,32.701,23.984,162.789,99,0,7.362500000000011,0.6944999999999979,9.89010989010989,7.395183331060844,49.37519869099401,274.051624,49.156982875000075,D,D0
164,1867,570.664,152.87,570.664,152.87,71.712,33.148,9.475,99,1,8.25550000000004,2.1404999999999887,9.89010989010989,8.528482895568274,56.94186589435383,830.6077630000001,55.11924918500027,D,D1
165,362,723.793,163.445,723.793,163.445,26.403000000000002,17.457,7.08,99,2,6.871500000000026,1.186000000000007,9.89010989010989,6.973098898624654,46.55708022348027,161.04981800000002,45.87873790500017,D,D2
166,1832,89.915,84.00200000000001,89.915,84.00200000000001,57.008,40.917,117.243,100,3,11.405000000000001,-1.2269999999999968,9.990009990009991,11.470813135955098,76.58683394043733,815.036648,76.14742135,D,D3
167,610,688.534,102.559,688.534,102.559,39.931999999999995,19.45,176.707,100,0,8.170999999999992,0.0035000000000096065,9.990009990009991,8.171000749602209,54.55507557484658,271.38229,54.555070569999955,D,D0
168,1884,576.7280000000001,153.891,576.7280000000001,153.891,70.557,33.998000000000005,158.3,100,1,9.697499999999991,-0.7824999999999989,9.990009990009991,9.72901909238541,64.9574499035569,838.170876,64.74700732499994,D,D1
169,353,730.6360000000001,165.574,730.6360000000001,165.574,23.840999999999998,18.852,177.43400000000003,100,2,6.002499999999998,1.6510000000000105,9.990009990009991,6.225416231064394,41.56504978746071,157.045817,40.076711674999984,D,D2
170,373,735.798,166.747,735.798,166.747,26.252,18.090999999999998,162.033,101,2,6.076999999999941,1.2539999999999907,10.08991008991009,6.205033843582101,41.42896331242931,165.943597,40.57412358999961,D,D2
171,1912,590.059,151.305,590.059,151.305,55.493,43.869,33.262,101,1,12.377499999999998,1.157500000000013,10.08991008991009,12.4315048365031,83.00105539673515,850.6277680000001,82.64048292499999,D,D1
172,1781,103.307,85.146,103.307,85.146,78.431,28.913,14.423,101,3,8.513999999999996,1.0664999999999978,10.08991008991009,8.580537177240124,57.28941515516382,792.3473090000001,56.845168379999976,D,D3
173,627,696.498,101.51,696.498,101.51,31.818,25.09,173.84400000000002,101,0,7.157000000000039,0.4375,10.08991008991009,7.170359492382551,47.87412411200581,278.945403,47.78492719000026,D,D0
174,1889,106.943,86.135,106.943,86.135,79.616,30.21,158.791,102,3,8.5685,-0.4019999999999939,10.18981018981019,8.577924938468511,57.27197409892456,840.3953210000001,57.209046895,D,D3
175,618,702.8480000000001,103.434,702.8480000000001,103.434,39.214,20.066,171.52,102,0,6.17349999999999,0.8804999999999978,10.18981018981019,6.235974863644006,41.63554629284603,274.94140200000004,41.218422244999935,D,D0
176,1875,601.4830000000001,156.20600000000002,601.4830000000001,156.20600000000002,78.227,30.518,177.958,102,1,10.353000000000009,1.4284999999999997,10.18981018981019,10.451087084605131,69.77845960517054,834.1668750000001,69.12356451000005,D,D1
177,373,742.79,168.082,742.79,168.082,27.881999999999998,17.033,171.55200000000002,102,2,6.632999999999981,1.2434999999999974,10.18981018981019,6.748554011786506,45.05786811387462,165.943597,44.286352109999875,D,D2
178,1818,120.444,84.34200000000001,120.444,84.34200000000001,54.881,42.178000000000004,64.566,103,3,10.797000000000004,1.5444999999999922,10.28971028971029,10.906910160535846,72.82183986154487,808.808202,72.08800599000003,D,D3
179,646,708.845,103.271,708.845,103.271,34.219,24.037,9.445,103,0,6.463999999999999,0.3235000000000028,10.28971028971029,6.472089944523329,43.21200876990058,287.398294,43.15799487999999,D,D0
180,1957,610.765,154.162,610.765,154.162,61.94,40.228,149.762,103,1,10.704499999999939,0.6814999999999856,10.28971028971029,10.726171847401973,71.61510978839334,870.647773,71.47041401499959,D,D1
181,369,749.064,169.234,749.064,169.234,27.238000000000003,17.249000000000002,2.528,103,2,6.1375000000000455,0.9094999999999942,10.28971028971029,6.204522262027959,41.42554765121422,164.16404100000003,40.97806212500031,D,D2
182,377,755.065,169.90099999999998,755.065,169.90099999999998,24.199,19.836,179.04,104,2,6.422500000000014,0.7654999999999887,10.38961038961039,6.467959222196763,43.18442930006446,167.72315300000002,42.88091307500009,D,D2
183,1838,128.537,89.22399999999999,128.537,89.22399999999999,83.781,27.932,3.946,104,3,5.9155000000000015,1.653499999999994,10.38961038961039,6.142247349301393,41.00975860966014,817.7059820000001,39.49584138500001,D,D3
184,642,715.7760000000001,104.081,715.7760000000001,104.081,36.129,22.625,159.554,104,0,7.559000000000026,1.0900000000000034,10.38961038961039,7.637184101486646,50.99095797487284,285.618738,50.468948530000176,D,D0
185,1857,622.8919999999999,157.569,622.8919999999999,157.569,67.04899999999999,35.264,14.802999999999999,104,1,9.055000000000007,2.2950000000000017,10.38961038961039,9.341308794810292,62.368836191046036,826.1588730000001,60.45724685000005,D,D1
186,374,761.909,170.765,761.909,170.765,25.919,18.372,162.92,105,2,6.159499999999923,1.6115000000000208,10.48951048951049,6.366818082841626,42.509143289166204,166.388486,41.12494886499949,D,D2
187,1899,628.875,158.752,628.875,158.752,74.015,32.667,163.42600000000002,105,1,8.498500000000035,-0.8084999999999951,10.48951048951049,8.536871470275313,56.997873639443085,844.8442110000001,56.74167999500024,D,D1
188,1863,132.275,87.649,132.275,87.649,73.096,32.451,148.773,105,3,8.221499999999992,-1.5094999999999956,10.48951048951049,8.358926516006697,55.80979390162644,828.828207,54.892242404999955,D,D3
189,631,723.9630000000001,105.45100000000001,723.9630000000001,105.45100000000001,37.289,21.546,5.185,105,0,7.206999999999994,1.2859999999999943,10.48951048951049,7.320836359323974,48.8788084952076,280.724959,48.11876068999996,D,D0
190,1808,144.98,86.205,144.98,86.205,60.54,38.025,40.900999999999996,106,3,10.525499999999994,0.8190000000000026,10.589410589410589,10.557315532369007,70.48771189550217,804.359312,70.27529008499997,D,D3
191,619,730.19,106.65299999999999,730.19,106.65299999999999,33.518,23.514,161.80700000000002,106,0,7.529499999999928,0.640500000000003,10.589410589410589,7.556693092881232,50.45354607244733,275.386291,50.27198676499952,D,D0
192,1952,639.889,155.952,639.889,155.952,49.876999999999995,49.83,173.50400000000002,106,1,12.09050000000002,0.3329999999999984,10.589410589410589,12.095084921157044,80.7548906405416,868.4233280000001,80.72427863500013,D,D1
193,372,767.3839999999999,173.12400000000002,767.3839999999999,173.12400000000002,27.939,16.953,170.50099999999998,106,2,6.475500000000011,1.3525000000000063,10.589410589410589,6.61523669266642,44.167752368825106,165.49870800000002,43.23477658500008,D,D2
194,364,774.86,173.47,774.86,173.47,27.721,16.718,2.372,107,2,6.799000000000035,1.0319999999999823,10.68931068931069,6.876876107652402,45.91463240167956,161.93959600000002,45.39467933000023,D,D2
195,1838,153.326,89.287,153.326,89.287,84.675,27.636999999999997,176.33,107,3,7.923000000000002,0.3545000000000016,10.68931068931069,7.9309267585825065,52.95218076122506,817.7059820000001,52.899256410000014,D,D3
196,621,739.0219999999999,106.73200000000001,739.0219999999999,106.73200000000001,40.147,19.695,177.215,107,0,8.160500000000013,-0.2664999999999935,10.68931068931069,8.164850427288929,54.51401190236717,276.276069,54.484965535000086,D,D0
197,1907,653.056,159.418,653.056,159.418,77.061,31.509,3.615,107,1,10.678999999999974,1.3495000000000061,10.68931068931069,10.763930102430034,71.86720919699154,848.4033230000001,71.30015892999982,D,D1
198,1978,661.247,158.651,661.247,158.651,66.47,37.889,153.945,108,1,10.711499999999944,0.43599999999999284,10.78921078921079,10.720369781402077,71.5763713083938,879.990442,71.51715070499962,D,D1
199,369,780.982,175.188,780.982,175.188,24.781999999999996,18.959,3.3939999999999997,108,2,5.717499999999973,1.288499999999999,10.78921078921079,5.860890589321702,39.13123237100653,164.16404100000003,38.17386072499982,D,D2
200,1870,160.826,86.914,160.826,86.914,66.795,35.646,138.895,108,3,10.287000000000006,0.10549999999999216,10.78921078921079,10.287540971971879,68.68651618133549,831.9424300000001,68.68290429000004,D,D3
201,639,746.5110000000001,106.12,746.5110000000001,106.12,32.367,25.136999999999997,174.019,108,0,7.008500000000026,0.6074999999999946,10.78921078921079,7.034779918377004,46.968904037630196,284.28407100000004,46.793441695000176,D,D0
202,371,786.295,176.047,786.295,176.047,24.927,18.95,161.888,109,2,6.328000000000031,1.0660000000000025,10.889110889110889,6.4171598078901235,42.84525837454576,165.053819,42.24996776000021,D,D2
203,1842,674.4789999999999,160.29,674.4789999999999,160.29,61.29,38.265,20.289,109,1,10.159500000000037,1.8859999999999957,10.889110889110889,10.333074869079423,68.99053098613652,819.485538,67.83162886500025,D,D1
204,622,753.039,107.947,753.039,107.947,38.924,20.346,169.93599999999998,109,0,6.7444999999999595,1.0760000000000005,10.889110889110889,6.829791816007239,45.60026612418105,276.720958,45.03080081499973,D,D0
205,1795,173.9,89.49799999999999,173.9,89.49799999999999,69.77,32.757,24.386999999999997,109,3,7.891000000000005,2.9410000000000025,10.889110889110889,8.421244682349522,56.22587173330258,798.5757550000001,52.68560297000003,D,D3
206,1859,176.608,92.796,176.608,92.796,84.31,28.074,166.291,110,3,5.805499999999995,-0.07000000000000028,10.989010989010989,5.805921998270382,38.76422522819191,827.0486510000001,38.761407684999966,D,D3
207,648,760.0,108.272,760.0,108.272,34.144,24.164,10.620999999999999,110,0,6.841499999999996,0.2959999999999994,10.989010989010989,6.8479002803779165,45.72117036499082,288.288072,45.67843780499998,D,D0
208,1890,681.566,162.423,681.566,162.423,77.373,31.101999999999997,169.426,110,1,7.930500000000052,-0.5039999999999907,10.989010989010989,7.946498993267464,53.056151433379085,840.8402100000001,52.94933143500035,D,D1
209,378,793.638,177.32,793.638,177.32,27.647,17.408,168.695,110,2,7.133500000000026,1.333500000000015,10.989010989010989,7.257068588624501,48.45305213361156,168.168042,47.62802544500018,D,D2
210,1854,185.511,89.35799999999999,185.511,89.35799999999999,58.852,40.11,121.166,111,3,11.168499999999995,-1.1925000000000026,11.08891108891109,11.231983284353653,74.99224583514551,824.8242060000001,74.56838889499997,D,D3
211,635,766.722,108.539,766.722,108.539,36.291,22.279,158.947,111,0,7.6165000000000305,0.839500000000001,11.08891108891109,7.662625692280712,51.160823080879865,282.504515,50.85285705500021,D,D0
212,1932,690.34,159.282,690.34,159.282,54.989,44.733999999999995,137.88,111,1,11.769499999999994,-0.34499999999999886,11.08891108891109,11.774555416235462,78.61482091091682,859.5255480000001,78.58106756499996,D,D1
213,370,800.562,178.71400000000003,800.562,178.71400000000003,27.791,16.951,178.951,111,2,6.976499999999987,1.1595000000000084,11.08891108891109,7.0721985619749,47.218735972780955,164.60893000000002,46.57978825499992,D,D2
214,1803,198.945,90.411,198.945,90.411,76.994,29.816,16.428,112,3,8.500500000000002,1.007000000000012,11.188811188811188,8.559938624195857,57.151885414009755,802.1348670000001,56.755033335000014,D,D3
215,625,775.2330000000001,109.95100000000001,775.2330000000001,109.95100000000001,37.241,21.369,5.216,112,0,7.415999999999997,0.8144999999999953,11.188811188811188,7.460594229014197,49.81192567103223,278.055625,49.514184719999975,D,D0
216,1899,705.105,161.733,705.105,161.733,73.029,33.109,9.222999999999999,112,1,11.050000000000011,1.079499999999996,11.188811188811188,11.102604210274283,74.128424452612,844.8442110000001,73.77720350000008,D,D1
217,375,807.591,179.639,807.591,179.639,24.25,19.689,3.2889999999999997,112,2,6.890500000000031,1.0674999999999955,11.188811188811188,6.972700086766992,46.55441748831457,166.83337500000002,46.005594635000215,D,D2
218,375,814.3430000000001,180.84900000000002,814.3430000000001,180.84900000000002,25.381,18.812,164.238,113,2,5.9775000000000205,1.5854999999999961,11.288711288711289,6.1841989376151405,41.28985552080688,166.83337500000002,39.90979492500014,D,D2
219,1985,712.44,161.441,712.44,161.441,70.928,35.633,158.679,113,1,10.529999999999973,0.061499999999995225,11.288711288711289,10.530179592485563,70.30653417976059,883.1046650000001,70.30533509999982,D,D1
220,1897,202.512,91.37200000000001,202.512,91.37200000000001,80.205,30.115,158.499,113,3,8.265500000000003,-0.18249999999999744,11.288711288711289,8.267514529772539,55.199466235496416,843.9544330000001,55.186015885000025,D,D3
221,630,781.554,110.16799999999999,781.554,110.16799999999999,33.287,24.098000000000003,161.918,113,0,7.775499999999965,0.43499999999999517,11.288711288711289,7.787658521661017,51.99562602181847,280.28007,51.91444758499977,D,D0
222,1798,215.476,90.046,215.476,90.046,53.786,42.563,68.309,114,3,10.508500000000012,1.7069999999999936,11.38861138861139,10.646239770454178,71.0814296881983,799.910422,70.16178669500009,D,D3
223,633,790.784,110.821,790.784,110.821,40.191,20.053,176.46900000000002,114,0,8.696000000000026,-0.5104999999999933,11.38861138861139,8.710971601951211,58.16028276559959,281.61473700000005,58.06032232000018,D,D0
224,1889,726.165,161.856,726.165,161.856,55.653,43.217,25.018,114,1,10.721499999999992,1.2224999999999966,11.38861138861139,10.79097161983108,72.04775648497758,840.3953210000001,71.58391740499995,D,D1
225,371,819.546,182.81,819.546,182.81,27.634,17.094,167.291,114,2,6.601499999999987,1.6134999999999877,11.38861138861139,6.795821105650132,45.373454901461066,165.053819,44.07603700499991,D,D2
226,1839,223.52900000000002,94.786,223.52900000000002,94.786,83.396,28.076999999999998,4.771,115,3,6.131,1.9224999999999994,11.488511488511488,6.425353472767082,42.899964771019796,818.150871,40.93466377,D,D3
227,643,798.946,109.147,798.946,109.147,32.121,25.488000000000003,174.046,115,0,7.264499999999998,-0.12949999999999307,11.488511488511488,7.265654168758652,48.51037521892583,286.063627,48.50266921499999,D,D0
228,1934,733.883,163.886,733.883,163.886,78.82600000000001,31.239,176.355,115,1,7.771000000000015,0.22650000000000148,11.488511488511488,7.774300177507956,51.906436766162045,860.415326,51.8844025700001,D,D1
229,368,827.546,184.076,827.546,184.076,28.031999999999996,16.715,177.553,115,2,7.130499999999984,1.3604999999999876,11.488511488511488,7.2591315251894795,48.46682568028684,163.719152,47.60799543499989,D,D2
230,1914,227.738,93.891,227.738,93.891,73.37899999999999,33.211,148.339,116,3,8.150999999999982,-1.2899999999999991,11.588411588411589,8.25244818220628,55.0988732046912,851.517546,54.42153716999988,D,D3
231,641,805.313,110.56200000000001,805.313,110.56200000000001,39.669000000000004,20.574,170.95,116,0,6.992500000000007,0.36699999999999733,11.588411588411589,7.00212433837047,46.75087350626797,285.173849,46.68661497500005,D,D0
232,1946,741.707,162.309,741.707,162.309,61.253,40.451,145.181,116,1,11.360499999999945,-0.6469999999999914,11.588411588411589,11.37890896571366,75.97322012411142,865.753994,75.85030953499964,D,D1
233,381,833.807,185.53099999999998,833.807,185.53099999999998,26.829,18.081,3.0439999999999996,116,2,6.072499999999991,1.2749999999999915,11.588411588411589,6.204907835737761,41.42812199963524,169.502709,40.54407857499994,D,D2
234,1898,756.6039999999999,162.592,756.6039999999999,162.592,67.59100000000001,35.754,16.692,117,1,11.148000000000025,1.0134999999999934,11.688311688311689,11.19397544440761,74.73848003041296,844.3993220000001,74.43151716000017,D,D1
235,382,839.691,186.62599999999998,839.691,186.62599999999998,24.46,19.885,171.19099999999997,117,2,6.572499999999991,1.0415000000000134,11.688311688311689,6.654508133588831,44.42995482028854,169.947598,43.882413574999944,D,D2
236,656,812.931,109.881,812.931,109.881,33.839,24.683000000000003,9.995,117,0,7.649000000000058,-0.3170000000000073,11.688311688311689,7.6555659490334795,51.11368750493337,291.847184,51.06984883000038,D,D0
237,1816,239.831,92.206,239.831,92.206,59.65,38.763000000000005,42.986999999999995,117,3,10.298999999999992,0.759999999999998,11.688311688311689,10.327003486006957,68.94999436491807,807.9184240000001,68.76302432999995,D,D3
238,1845,248.33599999999998,95.411,248.33599999999998,95.411,86.38799999999999,27.193,176.27900000000002,118,3,7.9265000000000185,0.42149999999999466,11.788211788211788,7.937698942388801,52.99739639767904,820.8202050000001,52.92262475500012,D,D3
239,642,820.6110000000001,109.928,820.6110000000001,109.928,37.402,21.855,160.326,118,0,8.389999999999986,0.4230000000000018,11.788211788211788,8.400656462443859,56.08841098310504,285.618738,56.01726129999991,D,D0
240,1959,764.003,164.33599999999998,764.003,164.33599999999998,75.684,32.955999999999996,165.22,118,1,10.26950000000005,0.25799999999999557,11.788211788211788,10.272740347638551,68.58769729686789,871.5375510000001,68.56606256500034,D,D1
241,385,846.952,187.614,846.952,187.614,27.0,18.155,161.67,118,2,6.643999999999949,1.6500000000000057,11.788211788211788,6.84581886993801,45.707273474349016,171.28226500000002,44.35979547999966,D,D2
242,1888,255.68400000000003,93.04899999999999,255.68400000000003,93.04899999999999,67.155,35.796,138.666,119,3,10.06150000000001,0.19899999999999807,11.888111888111888,10.063467754705641,67.19045325381052,839.9504320000001,67.17731520500007,D,D3
243,640,829.711,110.727,829.711,110.727,36.56,22.289,5.987,119,0,8.140999999999963,0.26900000000000546,11.888111888111888,8.145443020486939,54.38443505159453,284.72896000000003,54.35477046999975,D,D0
244,1914,777.143,163.108,777.143,163.108,52.022,46.845,151.457,119,1,11.067499999999995,0.47350000000000136,11.888111888111888,11.077624226340227,73.961641343279,851.517546,73.89404522499997,D,D1
245,378,852.9789999999999,189.926,852.9789999999999,189.926,28.191,17.072,172.87599999999998,119,2,6.728999999999985,1.7065000000000055,11.888111888111888,6.942015791540654,46.34954857490575,168.168042,44.9273124299999,D,D2
246,366,860.41,191.02700000000002,860.41,191.02700000000002,27.49,16.952,2.004,120,2,7.180000000000007,1.811000000000007,11.988011988011989,7.404871437101398,49.43988297795179,162.829374,47.938490600000044,D,D2
247,1932,786.138,165.283,786.138,165.283,75.741,32.478,4.678999999999999,120,1,8.017499999999984,1.100500000000011,11.988011988011989,8.092676102501555,54.03212775328906,859.5255480000001,53.5302017249999,D,D1
248,618,836.893,110.46600000000001,836.893,110.46600000000001,33.946,23.18,160.631,120,0,8.038999999999987,-0.3049999999999997,11.988011988011989,8.044783775838837,53.71236649262989,274.94140200000004,53.67375012999992,D,D0
249,1788,268.459,95.809,268.459,95.809,68.67399999999999,33.15,25.291999999999998,120,3,7.875499999999988,3.01400000000001,11.988011988011989,8.432537948328479,56.301273143466304,795.461532,52.58211458499993,D,D3
250,1857,271.435,99.07700000000001,271.435,99.07700000000001,84.27,28.058000000000003,165.938,121,3,5.755500000000012,0.10000000000000142,12.087912087912088,5.756368668700793,38.43337399925452,826.1588730000001,38.42757418500008,D,D3
251,634,845.789,110.117,845.789,110.117,39.977,20.192999999999998,178.71,121,0,8.621999999999957,-1.1165000000000092,12.087912087912088,8.69398966240467,58.04689995928739,282.05962600000004,57.566248739999715,D,D0
252,1926,793.178,165.30900000000003,793.178,165.30900000000003,67.993,36.066,152.553,121,1,10.629000000000019,-1.05149999999999,12.087912087912088,10.680884478824794,71.31274097323514,856.856214,70.96632543000013,D,D1
253,372,867.3389999999999,193.548,867.3389999999999,193.548,24.645,19.219,179.49400000000003,121,2,6.158500000000004,1.843500000000006,12.087912087912088,6.428500175001948,42.92097426343026,165.49870800000002,41.118272195000024,D,D2
254,1856,279.97,96.009,279.97,96.009,59.019,40.04,122.086,122,3,10.967000000000013,-0.9590000000000103,12.187812187812188,11.008849622008665,73.5024560057766,825.7139840000001,73.22303989000008,D,D3
255,644,854.137,108.23299999999999,854.137,108.23299999999999,32.073,25.565,172.56900000000002,122,0,7.940499999999986,-0.6374999999999957,12.187812187812188,7.9660496169682355,53.18668449612331,286.50851600000004,53.01609813499991,D,D0
256,1911,807.3960000000001,163.18,807.3960000000001,163.18,59.98,40.566,26.697,122,1,11.930999999999983,1.0989999999999895,12.187812187812188,11.981509170384154,79.99658283262877,850.1828790000001,79.65934976999989,D,D1
257,384,872.727,194.71400000000003,872.727,194.71400000000003,25.924,18.86,159.56799999999998,122,2,6.672500000000014,1.9280000000000115,12.187812187812188,6.945461845694656,46.37255674129414,170.837376,44.550080575000095,D,D2
258,1921,817.04,167.507,817.04,167.507,78.316,31.230999999999998,172.75599999999997,123,1,10.514999999999986,1.0389999999999873,12.287712287712289,10.566207739771146,70.54708222989782,854.6317690000001,70.20518504999991,D,D1
259,385,880.684,197.40400000000002,880.684,197.40400000000002,27.693,17.701,167.101,123,2,6.957499999999982,1.8874999999999886,12.287712287712289,7.208984845316274,48.13201284717781,171.28226500000002,46.45293152499988,D,D2
260,1828,293.369,97.15899999999999,293.369,97.15899999999999,76.766,30.319000000000003,16.503,123,3,8.429999999999978,1.0274999999999963,12.287712287712289,8.492388135854345,56.70087309501463,813.2570920000001,56.28432809999986,D,D3
261,628,861.67,108.84200000000001,861.67,108.84200000000001,39.306999999999995,20.342,171.331,123,0,7.096500000000049,-0.17599999999999483,12.287712287712289,7.098682148821758,47.39555814257376,279.39029200000004,47.38098865500033,D,D0
262,1938,828.426,165.25799999999998,828.426,165.25799999999998,59.306000000000004,41.607,146.93,124,1,11.194999999999993,0.6114999999999924,12.387612387612387,11.21168842101848,74.85674372996145,862.1948820000001,74.74532064999995,D,D1
263,379,886.6419999999999,198.489,886.6419999999999,198.489,27.991,17.24,177.263,124,2,6.391500000000008,1.0889999999999844,12.387612387612387,6.483609584945724,43.28892160751957,168.612931,42.673936305000055,D,D2
264,1911,296.83,98.064,296.83,98.064,80.507,30.223000000000003,158.828,124,3,7.876999999999981,-0.06550000000000011,12.387612387612387,7.877272322955434,52.59394780050686,850.1828790000001,52.59212958999987,D,D3
265,648,868.33,107.881,868.33,107.881,33.495,24.633000000000003,8.554,124,0,7.234499999999969,-0.5575000000000045,12.387612387612387,7.255949041993029,48.4455772902036,288.288072,48.30236911499979,D,D0
266,635,876.1389999999999,107.727,876.1389999999999,107.727,37.424,21.604,160.165,125,0,7.808999999999855,-0.15399999999999636,12.487512487512488,7.810518356677599,52.14825359647862,282.504515,52.13811602999904,D,D0
267,1887,839.43,168.73,839.43,168.73,69.434,34.603,11.842,125,1,11.003999999999905,3.4720000000000084,12.487512487512488,11.538752098905583,77.04043997619995,839.5055430000001,73.47007667999937,D,D1
268,1814,309.123,97.02799999999999,309.123,97.02799999999999,53.428000000000004,43.23,72.965,125,3,12.293000000000006,-1.0360000000000014,12.487512487512488,12.336577523770528,82.36725705563298,807.0286460000001,82.07630431000004,D,D3
269,389,893.467,199.582,893.467,199.582,25.326,19.557000000000002,5.612,125,2,6.8250000000000455,1.0929999999999893,12.487512487512488,6.911966001073833,46.14891604038963,173.061821,45.568272750000304,D,D2
