 ,Label,Area,X,Y,XM,YM,Major,Minor,Angle
1,V1.F5 Select:1.47 s,4734,1233.376,73.051,1233.376,73.051,87.818,68.637,178.038
2,V1.F5 Select:1.47 s,23,226.891,94.283,226.891,94.283,6.015,4.869,9.556
3,V1.F5 Select:1.47 s,49,437.847,101.071,437.847,101.071,8.557,7.291,132.762
4,V1.F5 Select:1.47 s,5533,1199.822,645.682,1199.822,645.682,98.866,71.256,70.108
5,V1.F5 Select:1.47 s,651,796.277,649.343,796.277,649.343,37.914,21.862,176.681
6,V1.F5 Select:1.47 s,115,82.170,800.457,82.170,800.457,19.678,7.441,178.192
7,V1.F5 Select:1.47 s,45,62.078,982.056,62.078,982.056,8.729,6.563,174.834
8,V1.F5 Select:1.47 s,616,160.903,1017.570,160.903,1017.570,56.026,13.999,172.611
9,V1.F5 Select:1.47 s,126,1275.111,1017.135,1275.111,1017.135,13.642,11.760,102.882
10,V1.F5 Select:1.47 s,24,203.375,1022.625,203.375,1022.625,9.442,3.236,178.442
11,V1.F5 Select:1.53 s,6328,1198.092,73.569,1198.092,73.569,126.838,63.522,14.944
12,V1.F5 Select:1.53 s,24,227.042,93.792,227.042,93.792,5.823,5.248,36.309
13,V1.F5 Select:1.53 s,49,437.908,100.929,437.908,100.929,8.557,7.291,142.293
14,V1.F5 Select:1.53 s,4233,1181.060,642.902,1181.060,642.902,101.342,53.182,63.137
15,V1.F5 Select:1.53 s,545,793.269,649.638,793.269,649.638,32.251,21.516,4.052
16,V1.F5 Select:1.53 s,100,79.200,799.400,79.200,799.400,16.989,7.495,8.838
17,V1.F5 Select:1.53 s,45,62.078,982.056,62.078,982.056,8.729,6.563,174.834
18,V1.F5 Select:1.53 s,887,148.604,1014.844,148.604,1014.844,58.039,19.459,7.393
19,V1.F5 Select:1.53 s,286,1266.182,1017.668,1266.182,1017.668,24.317,14.975,179.461
20,V1.F5 Select:1.53 s,35,103.043,1020.786,103.043,1020.786,8.664,5.143,125.295
21,V1.F5 Select:1.60 s,6716,1158.058,70.741,1158.058,70.741,133.911,63.856,176.561
22,V1.F5 Select:1.60 s,26,227.077,93.846,227.077,93.846,6.414,5.161,42.118
23,V1.F5 Select:1.60 s,49,438.051,101.153,438.051,101.153,8.869,7.034,138.463
24,V1.F5 Select:1.60 s,21,163.833,156.452,163.833,156.452,8.167,3.274,177.484
25,V1.F5 Select:1.60 s,4883,1148.240,633.947,1148.240,633.947,105.407,58.983,120.797
26,V1.F5 Select:1.60 s,557,780.672,650.387,780.672,650.387,39.989,17.735,4.767
27,V1.F5 Select:1.60 s,45,77.189,797.189,77.189,797.189,8.019,7.145,163.183
28,V1.F5 Select:1.60 s,41,61.768,982.110,61.768,982.110,8.135,6.417,167.317
29,V1.F5 Select:1.60 s,305,1271.707,1015.372,1271.707,1015.372,26.108,14.874,52.765
30,V1.F5 Select:1.60 s,1527,113.488,1011.198,113.488,1011.198,70.178,27.704,0.595
31,V1.F5 Select:1.67 s,4469,1138.629,68.261,1138.629,68.261,86.145,66.053,179.372
32,V1.F5 Select:1.67 s,20,226.750,93.750,226.750,93.750,5.142,4.953,45.003
33,V1.F5 Select:1.67 s,43,437.942,101.174,437.942,101.174,8.237,6.647,139.919
34,V1.F5 Select:1.67 s,5337,1132.763,630.626,1132.763,630.626,96.993,70.060,71.099
35,V1.F5 Select:1.67 s,662,772.866,649.050,772.866,649.050,38.425,21.936,179.650
36,V1.F5 Select:1.67 s,111,73.833,794.725,73.833,794.725,18.986,7.444,177.092
37,V1.F5 Select:1.67 s,20,1253.450,817.150,1253.450,817.150,7.173,3.550,171.557
38,V1.F5 Select:1.67 s,18506,1204.742,967.797,1204.742,967.797,203.460,115.809,26.902
39,V1.F5 Select:1.67 s,2519,79.606,990.057,79.606,990.057,70.969,45.193,8.276
40,V1.F5 Select:1.73 s,6099,1104.182,68.417,1104.182,68.417,125.150,62.049,13.849
41,V1.F5 Select:1.73 s,49,437.949,101.051,437.949,101.051,8.247,7.565,134.997
42,V1.F5 Select:1.73 s,4120,1113.465,624.821,1113.465,624.821,101.508,51.678,59.752
43,V1.F5 Select:1.73 s,529,767.368,648.485,767.368,648.485,32.159,20.944,7.424
44,V1.F5 Select:1.73 s,97,70.747,793.139,70.747,793.139,16.841,7.334,11.175
45,V1.F5 Select:1.73 s,29016,1107.039,972.416,1107.039,972.416,282.942,130.572,179.076
46,V1.F5 Select:1.73 s,2744,61.421,979.210,61.421,979.210,68.754,50.816,9.206
47,V1.F5 Select:1.80 s,4351,1043.689,61.527,1043.689,61.527,85.887,64.502,1.158
48,V1.F5 Select:1.80 s,49,437.765,101.173,437.765,101.173,8.537,7.308,143.002
49,V1.F5 Select:1.80 s,5395,1060.672,620.596,1060.672,620.596,98.076,70.039,75.515
50,V1.F5 Select:1.80 s,687,743.400,640.456,743.400,640.456,37.810,23.135,6.575
51,V1.F5 Select:1.80 s,115,68.187,790.735,68.187,790.735,19.504,7.507,176.827
52,V1.F5 Select:1.80 s,28664,962.913,958.088,962.913,958.088,263.320,138.600,19.904
53,V1.F5 Select:1.80 s,2835,45.166,955.743,45.166,955.743,73.078,49.394,6.477
54,V1.F5 Select:1.80 s,10507,1216.135,985.594,1216.135,985.594,152.315,87.831,16.345
55,V1.F5 Select:1.87 s,6081,1006.396,60.140,1006.396,60.140,126.618,61.149,12.671
56,V1.F5 Select:1.87 s,805,1266.999,94.674,1266.999,94.674,38.976,26.297,62.396
57,V1.F5 Select:1.87 s,50,437.840,101.220,437.840,101.220,8.795,7.238,144.206
58,V1.F5 Select:1.87 s,4145,1041.134,626.424,1041.134,626.424,101.918,51.783,63.063
59,V1.F5 Select:1.87 s,542,739.788,639.454,739.788,639.454,33.364,20.684,10.541
60,V1.F5 Select:1.87 s,97,66.139,792.139,66.139,792.139,17.132,7.209,13.219
61,V1.F5 Select:1.87 s,42908,812.224,962.957,812.224,962.957,369.881,147.702,175.260
62,V1.F5 Select:1.87 s,2649,34.094,964.229,34.094,964.229,64.369,52.398,26.721
63,V1.F5 Select:1.87 s,11321,1153.991,993.044,1153.991,993.044,200.266,71.976,4.982
64,V1.F5 Select:1.87 s,128,1258.195,1020.078,1258.195,1020.078,19.145,8.513,165.013
65,V1.F5 Select:1.93 s,12549,1216.950,56.291,1216.950,56.291,134.618,118.691,31.828
66,V1.F5 Select:1.93 s,6388,952.019,52.035,952.019,52.035,132.440,61.412,176.376
67,V1.F5 Select:1.93 s,51,437.892,101.284,437.892,101.284,9.014,7.204,141.542
68,V1.F5 Select:1.93 s,22,101.364,109.545,101.364,109.545,8.727,3.210,178.084
69,V1.F5 Select:1.93 s,4861,1005.759,635.139,1005.759,635.139,105.935,58.425,132.013
70,V1.F5 Select:1.93 s,591,725.899,630.278,725.899,630.278,40.491,18.584,171.943
71,V1.F5 Select:1.93 s,46,64.587,792.500,64.587,792.500,7.830,7.480,0.000
72,V1.F5 Select:1.93 s,36596,694.118,941.077,694.118,941.077,256.578,181.603,164.032
73,V1.F5 Select:1.93 s,10877,1032.488,989.918,1032.488,989.918,181.124,76.461,4.665
74,V1.F5 Select:1.93 s,2025,26.857,974.554,26.857,974.554,56.865,45.341,110.882
75,V1.F5 Select:1.93 s,26,61.692,982.346,61.692,982.346,6.165,5.370,132.524
76,V1.F5 Select:2.00 s,4374,922.091,40.960,922.091,40.960,85.347,65.253,178.815
77,V1.F5 Select:2.00 s,10028,1159.894,43.993,1159.894,43.993,152.694,83.619,28.454
78,V1.F5 Select:2.00 s,52,437.904,101.212,437.904,101.212,8.997,7.359,137.544
79,V1.F5 Select:2.00 s,25,1246.540,183.860,1246.540,183.860,8.361,3.807,158.335
80,V1.F5 Select:2.00 s,7806,1253.836,319.667,1253.836,319.667,181.605,54.728,78.934
81,V1.F5 Select:2.00 s,678,1267.947,583.838,1267.947,583.838,35.468,24.339,47.717
82,V1.F5 Select:2.00 s,5546,975.958,654.119,975.958,654.119,101.247,69.744,71.177
83,V1.F5 Select:2.00 s,772,720.864,629.113,720.864,629.113,37.941,25.907,23.577
84,V1.F5 Select:2.00 s,113,57.668,793.102,57.668,793.102,19.897,7.231,177.140
85,V1.F5 Select:2.00 s,48787,568.480,953.172,568.480,953.172,409.968,151.518,11.950
86,V1.F5 Select:2.00 s,11713,972.756,988.077,972.756,988.077,176.416,84.536,176.523
87,V1.F5 Select:2.00 s,800,15.110,979.087,15.110,979.087,37.001,27.529,32.764
88,V1.F5 Select:2.00 s,26,61.692,982.346,61.692,982.346,6.165,5.370,132.524
89,V1.F5 Select:2.00 s,790,749.381,1012.491,749.381,1012.491,37.997,26.472,26.320
90,V1.F5 Select:2.00 s,35,1276.814,1021.243,1276.814,1021.243,7.525,5.922,3.555
91,V1.F5 Select:2.07 s,5780,868.781,27.093,868.781,27.093,131.345,56.031,7.564
92,V1.F5 Select:2.07 s,5322,1104.483,27.796,1104.483,27.796,133.218,50.866,162.110
93,V1.F5 Select:2.07 s,111,1219.149,78.365,1219.149,78.365,18.211,7.761,164.825
94,V1.F5 Select:2.07 s,55,437.845,101.136,437.845,101.136,9.040,7.747,137.153
95,V1.F5 Select:2.07 s,25016,1215.999,294.425,1215.999,294.425,212.398,149.961,67.702
96,V1.F5 Select:2.07 s,873,1264.645,585.949,1264.645,585.949,35.882,30.977,42.335
97,V1.F5 Select:2.07 s,4284,950.249,664.856,950.249,664.856,104.009,52.443,66.037
98,V1.F5 Select:2.07 s,566,713.959,636.802,713.959,636.802,34.053,21.162,24.491
99,V1.F5 Select:2.07 s,105,54.833,794.710,54.833,794.710,17.648,7.575,13.943
100,V1.F5 Select:2.07 s,28791,509.579,961.436,509.579,961.436,281.406,130.267,13.928
101,V1.F5 Select:2.07 s,4007,708.481,990.288,708.481,990.288,85.912,59.385,64.323
102,V1.F5 Select:2.07 s,39,3.115,983.141,3.115,983.141,8.886,5.588,143.799
103,V1.F5 Select:2.07 s,25,61.780,982.420,61.780,982.420,5.852,5.440,124.266
104,V1.F5 Select:2.07 s,234,946.346,995.090,946.346,995.090,21.412,13.914,7.517
105,V1.F5 Select:2.07 s,2876,1163.445,1013.554,1163.445,1013.554,137.783,26.577,0.961
106,V1.F5 Select:2.07 s,110,2.909,1009.991,2.909,1009.991,23.057,6.074,84.734
107,V1.F5 Select:2.13 s,5306,788.377,23.343,788.377,23.343,125.771,53.715,178.914
108,V1.F5 Select:2.13 s,2486,956.441,24.957,956.441,24.957,73.349,43.154,156.919
109,V1.F5 Select:2.13 s,93,1200.823,87.672,1200.823,87.672,16.676,7.101,47.394
110,V1.F5 Select:2.13 s,50,437.840,101.220,437.840,101.220,8.751,7.275,135.432
111,V1.F5 Select:2.13 s,20,72.700,104.000,72.700,104.000,8.065,3.157,2.139
112,V1.F5 Select:2.13 s,83225,1086.274,284.097,1086.274,284.097,438.166,241.839,4.668
113,V1.F5 Select:2.13 s,1032,1242.060,595.576,1242.060,595.576,48.716,26.972,171.942
114,V1.F5 Select:2.13 s,523,693.557,658.165,693.557,658.165,39.180,16.996,18.193
115,V1.F5 Select:2.13 s,4728,900.956,702.740,900.956,702.740,104.598,57.552,138.638
116,V1.F5 Select:2.13 s,46,51.543,793.391,51.543,793.391,8.079,7.249,170.337
117,V1.F5 Select:2.13 s,25092,432.515,974.309,432.515,974.309,292.810,109.109,11.817
118,V1.F5 Select:2.13 s,28,61.679,982.143,61.679,982.143,6.515,5.472,115.409
119,V1.F5 Select:2.13 s,3486,1076.043,1007.583,1076.043,1007.583,115.268,38.506,174.884
120,V1.F5 Select:2.13 s,148,926.709,997.122,926.709,997.122,17.196,10.958,38.750
121,V1.F5 Select:2.20 s,59,926.924,1.720,926.924,1.720,18.000,4.173,178.253
122,V1.F5 Select:2.20 s,50,437.760,100.960,437.760,100.960,8.784,7.247,137.636
123,V1.F5 Select:2.20 s,68267,771.955,289.845,771.955,289.845,374.223,232.269,11.999
124,V1.F5 Select:2.20 s,38,1098.289,157.421,1098.289,157.421,10.889,4.443,151.131
125,V1.F5 Select:2.20 s,30067,1218.168,522.899,1218.168,522.899,269.424,142.090,84.598
126,V1.F5 Select:2.20 s,4291,829.573,726.210,829.573,726.210,102.479,53.313,64.951
127,V1.F5 Select:2.20 s,562,665.669,683.913,665.669,683.913,33.955,21.074,33.368
128,V1.F5 Select:2.20 s,103,42.704,792.354,42.704,792.354,17.673,7.421,10.912
129,V1.F5 Select:2.20 s,6718,939.128,995.427,939.128,995.427,150.772,56.732,6.034
130,V1.F5 Select:2.20 s,26,61.692,982.231,61.692,982.231,5.838,5.671,78.487
131,V1.F5 Select:2.20 s,3947,174.202,1009.181,174.202,1009.181,139.549,36.012,2.524
132,V1.F5 Select:2.20 s,73,45.390,1022.212,45.390,1022.212,21.317,4.360,1.047
133,V1.F5 Select:2.27 s,525,667.534,7.167,667.534,7.167,38.879,17.193,8.173
134,V1.F5 Select:2.27 s,1552,802.981,13.964,802.981,13.964,70.912,27.867,162.552
135,V1.F5 Select:2.27 s,23,18.500,91.500,18.500,91.500,8.928,3.280,0.000
136,V1.F5 Select:2.27 s,43,437.779,101.174,437.779,101.174,7.989,6.853,140.683
137,V1.F5 Select:2.27 s,81491,553.831,269.045,553.831,269.045,464.544,223.354,6.199
138,V1.F5 Select:2.27 s,42,1036.262,162.190,1036.262,162.190,15.652,3.417,17.988
139,V1.F5 Select:2.27 s,2570,889.062,261.634,889.062,261.634,79.415,41.204,17.696
140,V1.F5 Select:2.27 s,65811,1094.458,525.814,1094.458,525.814,413.086,202.847,173.332
141,V1.F5 Select:2.27 s,45,1249.456,405.656,1249.456,405.656,9.387,6.104,92.712
142,V1.F5 Select:2.27 s,4523,780.498,734.416,780.498,734.416,102.152,56.375,127.729
143,V1.F5 Select:2.27 s,510,634.220,693.684,634.220,693.684,38.140,17.025,171.751
144,V1.F5 Select:2.27 s,43,42.337,794.198,42.337,794.198,7.689,7.121,161.885
145,V1.F5 Select:2.27 s,6784,896.185,993.978,896.185,993.978,138.839,62.213,167.465
146,V1.F5 Select:2.27 s,22,61.727,982.409,61.727,982.409,5.469,5.122,146.310
147,V1.F5 Select:2.33 s,2820,702.468,30.936,702.468,30.936,78.480,45.751,85.369
148,V1.F5 Select:2.33 s,44,437.955,101.273,437.955,101.273,8.314,6.739,157.528
149,V1.F5 Select:2.33 s,31,975.726,159.339,975.726,159.339,7.561,5.221,121.868
150,V1.F5 Select:2.33 s,58310,334.431,296.255,334.431,296.255,314.990,235.698,162.368
151,V1.F5 Select:2.33 s,1757,830.457,254.734,830.457,254.734,59.536,37.576,12.762
152,V1.F5 Select:2.33 s,59107,898.805,541.744,898.805,541.744,396.668,189.724,33.951
153,V1.F5 Select:2.33 s,1591,1147.034,575.596,1147.034,575.596,67.870,29.847,2.194
154,V1.F5 Select:2.33 s,32,1269.625,668.125,1269.625,668.125,7.275,5.600,9.827
155,V1.F5 Select:2.33 s,684,603.895,690.738,603.895,690.738,39.705,21.934,6.753
156,V1.F5 Select:2.33 s,5570,729.185,761.764,729.185,761.764,106.578,66.543,63.694
157,V1.F5 Select:2.33 s,116,37.250,802.190,37.250,802.190,19.731,7.485,2.093
158,V1.F5 Select:2.33 s,7451,858.822,996.884,858.822,996.884,158.093,60.008,5.523
159,V1.F5 Select:2.33 s,24,61.667,982.375,61.667,982.375,5.805,5.264,93.071
160,V1.F5 Select:2.40 s,7663,631.331,29.061,631.331,29.061,161.553,60.394,168.549
161,V1.F5 Select:2.40 s,41,437.573,101.354,437.573,101.354,7.814,6.680,137.438
162,V1.F5 Select:2.40 s,75922,209.095,295.732,209.095,295.732,379.807,254.516,27.763
163,V1.F5 Select:2.40 s,41,947.939,181.988,947.939,181.988,11.925,4.377,147.006
164,V1.F5 Select:2.40 s,1609,823.402,249.524,823.402,249.524,64.049,31.986,162.280
165,V1.F5 Select:2.40 s,46389,766.338,521.712,766.338,521.712,328.884,179.590,148.651
166,V1.F5 Select:2.40 s,944,1075.637,565.905,1075.637,565.905,40.822,29.444,26.347
167,V1.F5 Select:2.40 s,531,583.270,696.681,583.270,696.681,32.841,20.587,25.529
168,V1.F5 Select:2.40 s,4422,709.177,754.526,709.177,754.526,101.939,55.232,71.915
169,V1.F5 Select:2.40 s,105,32.538,809.948,32.538,809.948,17.547,7.619,15.535
170,V1.F5 Select:2.40 s,23,61.674,982.500,61.674,982.500,5.433,5.390,90.000
171,V1.F5 Select:2.40 s,2719,796.417,1013.247,796.417,1013.247,126.476,27.372,1.204
172,V1.F5 Select:2.47 s,9788,488.249,28.383,488.249,28.383,185.798,67.075,9.378
173,V1.F5 Select:2.47 s,34,437.618,101.147,437.618,101.147,7.225,5.992,141.285
174,V1.F5 Select:2.47 s,63180,122.396,285.720,122.396,285.720,293.731,273.868,68.179
175,V1.F5 Select:2.47 s,62,921.581,201.532,921.581,201.532,15.472,5.102,18.341
176,V1.F5 Select:2.47 s,2244,792.050,251.385,792.050,251.385,78.767,36.273,14.186
177,V1.F5 Select:2.47 s,69164,637.685,543.350,637.685,543.350,385.343,228.530,15.173
178,V1.F5 Select:2.47 s,977,1035.412,574.426,1035.412,574.426,47.136,26.390,171.409
179,V1.F5 Select:2.47 s,4169,705.671,765.495,705.671,765.495,95.667,55.486,99.091
180,V1.F5 Select:2.47 s,516,564.229,734.655,564.229,734.655,37.097,17.710,30.747
181,V1.F5 Select:2.47 s,38,27.500,811.447,27.500,811.447,7.105,6.810,18.256
182,V1.F5 Select:2.47 s,682,743.403,1018.911,743.403,1018.911,76.658,11.328,177.776
183,V1.F5 Select:2.53 s,9676,407.163,33.814,407.163,33.814,156.298,78.823,10.107
184,V1.F5 Select:2.53 s,37,437.743,101.392,437.743,101.392,7.811,6.031,131.675
185,V1.F5 Select:2.53 s,51,886.363,224.814,886.363,224.814,9.730,6.674,114.657
186,V1.F5 Select:2.53 s,2526,22.535,267.849,22.535,267.849,62.025,51.853,115.521
187,V1.F5 Select:2.53 s,1511,769.946,274.339,769.946,274.339,62.538,30.763,17.559
188,V1.F5 Select:2.53 s,71,3.754,320.514,3.754,320.514,11.079,8.160,126.463
189,V1.F5 Select:2.53 s,53451,445.149,584.521,445.149,584.521,402.043,169.275,38.242
190,V1.F5 Select:2.53 s,792,627.258,436.910,627.258,436.910,48.825,20.653,24.575
191,V1.F5 Select:2.53 s,1470,999.116,576.556,999.116,576.556,66.405,28.186,3.314
192,V1.F5 Select:2.53 s,721,560.671,707.442,560.671,707.442,44.227,20.757,125.422
193,V1.F5 Select:2.53 s,5499,672.857,743.201,672.857,743.201,100.689,69.536,66.150
194,V1.F5 Select:2.53 s,115,17.587,811.761,17.587,811.761,19.177,7.635,177.414
195,V1.F5 Select:2.53 s,21,61.833,982.452,61.833,982.452,5.254,5.090,98.130
196,V1.F5 Select:2.60 s,13189,346.125,35.318,346.125,35.318,226.899,74.010,178.497
197,V1.F5 Select:2.60 s,33,437.561,101.076,437.561,101.076,7.235,5.807,157.563
198,V1.F5 Select:2.60 s,93,852.048,242.586,852.048,242.586,14.480,8.178,178.529
199,V1.F5 Select:2.60 s,1465,750.697,285.318,750.697,285.318,59.401,31.402,2.271
200,V1.F5 Select:2.60 s,45289,291.903,566.903,291.903,566.903,286.433,201.316,159.548
201,V1.F5 Select:2.60 s,425,464.611,500.262,464.611,500.262,24.221,22.342,95.502
202,V1.F5 Select:2.60 s,4651,566.292,587.114,566.292,587.114,115.016,51.487,1.875
203,V1.F5 Select:2.60 s,838,977.300,579.649,977.300,579.649,39.480,27.026,34.271
204,V1.F5 Select:2.60 s,639,540.455,683.919,540.455,683.919,33.965,23.954,75.931
205,V1.F5 Select:2.60 s,4239,634.862,737.227,634.862,737.227,98.272,54.922,68.762
206,V1.F5 Select:2.60 s,108,8.546,812.935,8.546,812.935,18.396,7.475,11.466
207,V1.F5 Select:2.60 s,23,61.717,982.283,61.717,982.283,5.679,5.157,112.909
208,V1.F5 Select:2.67 s,15564,217.247,40.632,217.247,40.632,218.507,90.691,6.712
209,V1.F5 Select:2.67 s,20,226.750,94.000,226.750,94.000,5.241,4.858,52.018
210,V1.F5 Select:2.67 s,28,437.571,101.286,437.571,101.286,6.844,5.209,142.349
211,V1.F5 Select:2.67 s,118,826.110,254.110,826.110,254.110,18.789,7.996,9.960
212,V1.F5 Select:2.67 s,1992,710.280,293.895,710.280,293.895,78.887,32.151,7.783
213,V1.F5 Select:2.67 s,58960,157.914,578.804,157.914,578.804,350.864,213.958,169.070
214,V1.F5 Select:2.67 s,936,963.721,584.388,963.721,584.388,46.754,25.490,174.553
215,V1.F5 Select:2.67 s,5022,431.060,600.977,431.060,600.977,120.766,52.947,3.403
216,V1.F5 Select:2.67 s,61,376.844,579.287,376.844,579.287,9.976,7.785,71.962
217,V1.F5 Select:2.67 s,515,514.686,677.791,514.686,677.791,39.729,16.505,21.525
218,V1.F5 Select:2.67 s,4582,595.398,734.648,595.398,734.648,100.240,58.200,113.337
219,V1.F5 Select:2.67 s,37,3.338,822.095,3.338,822.095,6.990,6.739,176.015
220,V1.F5 Select:2.67 s,25,61.700,982.460,61.700,982.460,6.092,5.225,148.027
221,V1.F5 Select:2.73 s,12090,143.438,39.137,143.438,39.137,169.556,90.787,2.381
222,V1.F5 Select:2.73 s,27,437.537,101.315,437.537,101.315,6.979,4.926,155.874
223,V1.F5 Select:2.73 s,72,801.375,264.569,801.375,264.569,10.962,8.363,115.500
224,V1.F5 Select:2.73 s,1375,688.690,299.753,688.690,299.753,59.930,29.213,13.548
225,V1.F5 Select:2.73 s,38101,66.136,573.784,66.136,573.784,337.606,143.693,101.487
226,V1.F5 Select:2.73 s,5375,271.765,606.716,271.765,606.716,126.596,54.059,11.942
227,V1.F5 Select:2.73 s,1479,944.257,590.207,944.257,590.207,66.607,28.272,4.948
228,V1.F5 Select:2.73 s,573,485.959,672.341,485.959,672.341,38.579,18.911,149.132
229,V1.F5 Select:2.73 s,5559,559.153,738.630,559.153,738.630,97.281,72.758,67.955
230,V1.F5 Select:2.73 s,97,7.655,830.149,7.655,830.149,16.568,7.455,2.055
231,V1.F5 Select:2.73 s,24,415.375,868.792,415.375,868.792,7.382,4.140,34.467
232,V1.F5 Select:2.73 s,30,62.167,982.300,62.167,982.300,6.311,6.053,170.588
233,V1.F5 Select:2.80 s,3805,28.437,44.833,28.437,44.833,87.413,55.423,129.486
234,V1.F5 Select:2.80 s,10469,1192.819,29.001,1192.819,29.001,194.869,68.403,176.277
235,V1.F5 Select:2.80 s,23,226.630,94.283,226.630,94.283,5.884,4.977,59.957
236,V1.F5 Select:2.80 s,42,437.905,101.095,437.905,101.095,8.069,6.627,145.203
237,V1.F5 Select:2.80 s,129,751.384,289.950,751.384,289.950,20.609,7.970,10.765
238,V1.F5 Select:2.80 s,1955,638.900,311.309,638.900,311.309,78.004,31.911,8.098
239,V1.F5 Select:2.80 s,22,2.182,396.318,2.182,396.318,6.297,4.448,47.339
240,V1.F5 Select:2.80 s,2126,15.776,447.556,15.776,447.556,70.628,38.326,98.532
241,V1.F5 Select:2.80 s,1140,1262.399,443.870,1262.399,443.870,40.020,36.269,168.632
242,V1.F5 Select:2.80 s,2154,14.731,531.254,14.731,531.254,77.674,35.308,93.833
243,V1.F5 Select:2.80 s,936,910.156,601.072,910.156,601.072,45.985,25.916,174.214
244,V1.F5 Select:2.80 s,5148,61.247,622.187,61.247,622.187,121.308,54.033,177.226
245,V1.F5 Select:2.80 s,537,452.867,669.716,452.867,669.716,40.006,17.091,9.039
246,V1.F5 Select:2.80 s,4576,502.521,743.946,502.521,743.946,102.013,57.114,118.187
247,V1.F5 Select:2.80 s,37,269.554,888.932,269.554,888.932,7.478,6.300,172.205
248,V1.F5 Select:2.80 s,40,62.050,982.325,62.050,982.325,8.374,6.082,171.951
249,V1.F5 Select:2.87 s,314,832.554,5.850,832.554,5.850,38.246,10.453,2.693
250,V1.F5 Select:2.87 s,12957,1094.306,44.557,1094.306,44.557,165.752,99.530,22.071
251,V1.F5 Select:2.87 s,24,226.917,94.250,226.917,94.250,5.799,5.269,176.942
252,V1.F5 Select:2.87 s,46,438.043,101.022,438.043,101.022,8.333,7.028,140.822
253,V1.F5 Select:2.87 s,1403,620.000,318.716,620.000,318.716,61.365,29.110,13.519
254,V1.F5 Select:2.87 s,80,725.700,306.350,725.700,306.350,10.619,9.593,121.016
255,V1.F5 Select:2.87 s,68,1275.529,416.838,1275.529,416.838,10.969,7.893,0.989
256,V1.F5 Select:2.87 s,106,1277.226,478.028,1277.226,478.028,20.530,6.574,90.444
257,V1.F5 Select:2.87 s,1507,894.342,607.511,894.342,607.511,67.117,28.588,4.497
258,V1.F5 Select:2.87 s,652,436.796,668.500,436.796,668.500,37.928,21.888,173.428
259,V1.F5 Select:2.87 s,5604,477.876,751.165,477.876,751.165,97.749,72.995,67.529
260,V1.F5 Select:2.87 s,21,747.500,774.500,747.500,774.500,5.171,5.171,0.000
261,V1.F5 Select:2.87 s,63,199.183,894.040,199.183,894.040,12.544,6.395,35.526
262,V1.F5 Select:2.87 s,44,62.023,982.114,62.023,982.114,8.736,6.413,171.260
263,V1.F5 Select:2.93 s,18318,850.022,67.893,850.022,67.893,188.246,123.898,14.720
264,V1.F5 Select:2.93 s,562,680.110,39.714,680.110,39.714,52.386,13.659,19.453
265,V1.F5 Select:2.93 s,43,437.826,101.058,437.826,101.058,8.237,6.647,130.081
266,V1.F5 Select:2.93 s,1324,600.451,328.124,600.451,328.124,56.919,29.617,1.357
267,V1.F5 Select:2.93 s,11587,1224.417,411.395,1224.417,411.395,158.409,93.132,112.819
268,V1.F5 Select:2.93 s,96,692.594,330.812,692.594,330.812,14.251,8.577,7.958
269,V1.F5 Select:2.93 s,872,871.327,611.630,871.327,611.630,39.967,27.780,32.909
270,V1.F5 Select:2.93 s,525,428.685,671.715,428.685,671.715,31.167,21.447,172.887
271,V1.F5 Select:2.93 s,4191,452.632,752.782,452.632,752.782,100.835,52.920,67.896
272,V1.F5 Select:2.93 s,22,717.409,786.409,717.409,786.409,5.554,5.043,134.999
273,V1.F5 Select:2.93 s,63,141.817,902.548,141.817,902.548,9.820,8.169,148.015
274,V1.F5 Select:2.93 s,43,62.081,982.058,62.081,982.058,8.750,6.257,167.923
275,V1.F5 Select:3.00 s,24738,795.518,76.369,795.518,76.369,236.693,133.073,1.768
276,V1.F5 Select:3.00 s,842,1134.628,4.646,1134.628,4.646,96.062,11.160,179.370
277,V1.F5 Select:3.00 s,235,1221.632,4.164,1221.632,4.164,30.725,9.738,173.749
278,V1.F5 Select:3.00 s,559,622.924,107.081,622.924,107.081,38.334,18.567,16.709
279,V1.F5 Select:3.00 s,41,437.768,100.890,437.768,100.890,7.884,6.621,141.124
280,V1.F5 Select:3.00 s,2120,1250.338,294.537,1250.338,294.537,62.702,43.049,4.689
281,V1.F5 Select:3.00 s,1892,561.222,341.590,561.222,341.590,76.052,31.675,10.973
282,V1.F5 Select:3.00 s,20467,1115.768,419.865,1115.768,419.865,240.708,108.262,12.556
283,V1.F5 Select:3.00 s,1836,1267.456,399.564,1267.456,399.564,80.674,28.977,79.890
284,V1.F5 Select:3.00 s,109,667.528,346.610,667.528,346.610,19.674,7.054,13.571
285,V1.F5 Select:3.00 s,914,854.368,621.962,854.368,621.962,44.414,26.202,174.342
286,V1.F5 Select:3.00 s,532,415.438,669.656,415.438,669.656,39.741,17.045,6.244
287,V1.F5 Select:3.00 s,4524,425.368,761.101,425.368,761.101,102.038,56.451,119.345
288,V1.F5 Select:3.00 s,20,685.800,801.700,685.800,801.700,6.164,4.131,59.024
289,V1.F5 Select:3.00 s,47,98.606,909.160,98.606,909.160,7.845,7.628,93.963
290,V1.F5 Select:3.00 s,47,62.117,982.096,62.117,982.096,9.568,6.255,173.865
291,V1.F5 Select:3.07 s,23335,618.900,97.605,618.900,97.605,180.570,164.540,77.666
292,V1.F5 Select:3.07 s,70,1121.000,1.443,1121.000,1.443,24.629,3.619,0.437
293,V1.F5 Select:3.07 s,44,437.818,100.750,437.818,100.750,8.300,6.750,143.514
294,V1.F5 Select:3.07 s,206,1276.840,233.320,1276.840,233.320,36.385,7.209,93.182
295,V1.F5 Select:3.07 s,66,605.288,279.742,605.288,279.742,14.570,5.768,118.753
296,V1.F5 Select:3.07 s,57,1275.728,299.219,1275.728,299.219,11.662,6.223,148.738
297,V1.F5 Select:3.07 s,15852,1068.581,400.471,1068.581,400.471,186.944,107.965,37.816
298,V1.F5 Select:3.07 s,1394,545.961,354.797,545.961,354.797,62.870,28.231,13.507
299,V1.F5 Select:3.07 s,1714,1261.547,367.183,1261.547,367.183,52.912,41.245,120.199
300,V1.F5 Select:3.07 s,69,649.616,353.659,649.616,353.659,10.486,8.378,136.249
301,V1.F5 Select:3.07 s,145,1011.872,368.866,1011.872,368.866,19.192,9.619,68.951
302,V1.F5 Select:3.07 s,2440,1260.608,487.922,1260.608,487.922,70.126,44.302,77.828
303,V1.F5 Select:3.07 s,1488,835.980,624.833,835.980,624.833,67.064,28.250,3.179
304,V1.F5 Select:3.07 s,748,408.757,670.298,408.757,670.298,37.632,25.308,20.345
305,V1.F5 Select:3.07 s,5645,407.017,771.411,407.017,771.411,98.491,72.976,67.243
306,V1.F5 Select:3.07 s,24,658.625,812.833,658.625,812.833,6.111,5.001,109.605
307,V1.F5 Select:3.07 s,77,54.227,920.422,54.227,920.422,13.238,7.406,36.499
308,V1.F5 Select:3.07 s,57,62.465,982.342,62.465,982.342,10.399,6.979,172.559
309,V1.F5 Select:3.13 s,31059,416.112,102.473,416.112,102.473,275.471,143.556,48.662
310,V1.F5 Select:3.13 s,26,963.500,0.923,963.500,0.923,14.990,2.208,0.000
311,V1.F5 Select:3.13 s,592,584.269,147.809,584.269,147.809,51.200,14.722,159.945
312,V1.F5 Select:3.13 s,28659,1237.409,382.834,1237.409,382.834,378.883,96.309,87.233
313,V1.F5 Select:3.13 s,18446,958.689,383.694,958.689,383.694,191.494,122.647,108.860
314,V1.F5 Select:3.13 s,224,875.384,320.804,875.384,320.804,21.468,13.285,43.964
315,V1.F5 Select:3.13 s,1205,534.849,364.521,534.849,364.521,52.688,29.120,3.104
316,V1.F5 Select:3.13 s,93,618.382,354.683,618.382,354.683,13.840,8.556,175.775
317,V1.F5 Select:3.13 s,1951,1266.345,639.166,1266.345,639.166,83.370,29.796,86.121
318,V1.F5 Select:3.13 s,895,809.043,628.469,809.043,628.469,41.215,27.649,29.778
319,V1.F5 Select:3.13 s,552,400.668,675.457,400.668,675.457,34.246,20.523,16.421
320,V1.F5 Select:3.13 s,6154,1255.902,761.133,1255.902,761.133,153.974,50.889,101.482
321,V1.F5 Select:3.13 s,4242,383.392,774.389,383.392,774.389,100.014,54.003,69.358
322,V1.F5 Select:3.13 s,23,627.413,823.283,627.413,823.283,5.757,5.087,110.702
323,V1.F5 Select:3.13 s,87,21.914,931.178,21.914,931.178,11.434,9.688,153.899
324,V1.F5 Select:3.13 s,48,61.958,982.208,61.958,982.208,9.537,6.409,169.577
325,V1.F5 Select:3.20 s,51097,336.721,133.392,336.721,133.392,321.435,202.401,125.980
326,V1.F5 Select:3.20 s,69,832.167,1.674,832.167,1.674,22.076,3.980,3.168
327,V1.F5 Select:3.20 s,28,882.357,0.857,882.357,0.857,17.036,2.093,179.350
328,V1.F5 Select:3.20 s,38,437.632,101.000,437.632,101.000,7.609,6.359,135.561
329,V1.F5 Select:3.20 s,545,540.027,127.834,540.027,127.834,40.139,17.288,35.038
330,V1.F5 Select:3.20 s,86512,1042.934,370.851,1042.934,370.851,399.464,275.746,165.592
331,V1.F5 Select:3.20 s,140,787.764,292.857,787.764,292.857,19.137,9.314,108.846
332,V1.F5 Select:3.20 s,110,582.418,350.827,582.418,350.827,19.606,7.144,5.773
333,V1.F5 Select:3.20 s,1759,508.346,364.231,508.346,364.231,76.634,29.225,177.679
334,V1.F5 Select:3.20 s,16249,1249.687,743.372,1249.687,743.372,288.904,71.612,87.952
335,V1.F5 Select:3.20 s,883,785.608,643.885,785.608,643.885,43.045,26.119,174.797
336,V1.F5 Select:3.20 s,525,387.026,681.700,387.026,681.700,38.945,17.164,8.000
337,V1.F5 Select:3.20 s,4443,362.449,782.861,362.449,782.861,100.912,56.059,119.007
338,V1.F5 Select:3.20 s,44,62.023,982.114,62.023,982.114,8.736,6.413,171.260
339,V1.F5 Select:3.27 s,28606,79.118,91.599,79.118,91.599,216.136,168.516,69.182
340,V1.F5 Select:3.27 s,2165,607.375,17.530,607.375,17.530,62.481,44.118,5.296
341,V1.F5 Select:3.27 s,86,683.198,4.779,683.198,4.779,12.171,8.997,101.155
342,V1.F5 Select:3.27 s,31,437.694,101.048,437.694,101.048,6.999,5.640,158.527
343,V1.F5 Select:3.27 s,535,250.343,166.980,250.343,166.980,48.313,14.099,133.168
344,V1.F5 Select:3.27 s,67189,910.045,348.405,910.045,348.405,404.523,211.478,19.466
345,V1.F5 Select:3.27 s,272,585.768,220.548,585.768,220.548,24.494,14.139,41.015
346,V1.F5 Select:3.27 s,1212,17.565,278.275,17.565,278.275,43.788,35.242,18.946
347,V1.F5 Select:3.27 s,55,445.664,318.991,445.664,318.991,13.859,5.053,37.754
348,V1.F5 Select:3.27 s,1208,444.523,343.586,444.523,343.586,54.275,28.338,170.029
349,V1.F5 Select:3.27 s,55004,1128.622,664.882,1128.622,664.882,382.948,182.879,64.184
350,V1.F5 Select:3.27 s,938,729.776,655.707,729.776,655.707,40.793,29.277,23.478
351,V1.F5 Select:3.27 s,540,372.948,684.924,372.948,684.924,32.377,21.236,16.648
352,V1.F5 Select:3.27 s,4316,319.401,791.371,319.401,791.371,99.285,55.349,72.025
353,V1.F5 Select:3.27 s,23,523.587,855.935,523.587,855.935,6.029,4.857,119.428
354,V1.F5 Select:3.27 s,35,61.871,982.071,61.871,982.071,7.139,6.243,165.443
355,V1.F5 Select:3.33 s,12957,69.281,43.646,69.281,43.646,179.456,91.930,17.479
356,V1.F5 Select:3.33 s,1999,441.011,11.780,441.011,11.780,95.276,26.714,6.716
357,V1.F5 Select:3.33 s,31,437.435,101.113,437.435,101.113,7.099,5.560,141.244
358,V1.F5 Select:3.33 s,558,169.211,145.918,169.211,145.918,47.087,15.088,27.733
359,V1.F5 Select:3.33 s,67438,734.171,321.821,734.171,321.821,298.037,288.101,166.384
360,V1.F5 Select:3.33 s,160,519.044,185.062,519.044,185.062,22.653,8.993,104.059
361,V1.F5 Select:3.33 s,6422,27.311,304.518,27.311,304.518,147.659,55.376,90.542
362,V1.F5 Select:3.33 s,37,374.311,316.824,374.311,316.824,9.286,5.073,156.581
363,V1.F5 Select:3.33 s,1728,397.655,338.976,397.655,338.976,75.798,29.027,2.574
364,V1.F5 Select:3.33 s,68300,1027.633,629.862,1027.633,629.862,368.806,235.794,64.008
365,V1.F5 Select:3.33 s,881,701.856,655.016,701.856,655.016,41.828,26.817,166.181
366,V1.F5 Select:3.33 s,523,354.534,693.777,354.534,693.777,38.407,17.338,8.138
367,V1.F5 Select:3.33 s,4430,296.723,798.308,296.723,798.308,100.224,56.278,115.368
368,V1.F5 Select:3.33 s,37,61.716,981.959,61.716,981.959,7.614,6.188,155.947
369,V1.F5 Select:3.40 s,1465,400.086,11.010,400.086,11.010,72.623,25.685,6.055
370,V1.F5 Select:3.40 s,20,227.150,93.950,227.150,93.950,5.935,4.291,15.417
371,V1.F5 Select:3.40 s,81092,609.888,311.859,609.888,311.859,373.836,276.189,167.165
372,V1.F5 Select:3.40 s,34,437.500,101.000,437.500,101.000,7.429,5.827,151.932
373,V1.F5 Select:3.40 s,1206,18.090,140.148,18.090,140.148,54.663,28.091,41.204
374,V1.F5 Select:3.40 s,243,422.117,134.562,422.117,134.562,21.873,14.145,116.160
375,V1.F5 Select:3.40 s,31,279.500,313.016,279.500,313.016,9.290,4.249,86.901
376,V1.F5 Select:3.40 s,62630,899.180,626.607,899.180,626.607,343.352,232.249,64.335
377,V1.F5 Select:3.40 s,1473,670.987,659.183,670.987,659.183,66.212,28.326,0.675
378,V1.F5 Select:3.40 s,5480,1077.320,706.978,1077.320,706.978,100.211,69.627,146.833
379,V1.F5 Select:3.40 s,714,341.731,697.894,341.731,697.894,39.410,23.067,7.206
380,V1.F5 Select:3.40 s,5662,275.590,806.476,275.590,806.476,99.396,72.529,65.056
381,V1.F5 Select:3.40 s,24,448.375,884.167,448.375,884.167,6.111,5.001,109.605
382,V1.F5 Select:3.40 s,40,61.825,982.100,61.825,982.100,8.286,6.146,158.704
383,V1.F5 Select:3.47 s,3913,315.090,21.011,315.090,21.011,106.442,46.807,178.104
384,V1.F5 Select:3.47 s,218,395.633,83.826,395.633,83.826,22.477,12.349,67.527
385,V1.F5 Select:3.47 s,26,227.038,93.923,227.038,93.923,6.119,5.410,22.114
386,V1.F5 Select:3.47 s,31,437.565,101.145,437.565,101.145,6.796,5.808,150.406
387,V1.F5 Select:3.47 s,59040,465.897,296.574,465.897,296.574,306.804,245.017,112.122
388,V1.F5 Select:3.47 s,2038,1265.968,192.885,1265.968,192.885,76.003,34.141,91.636
389,V1.F5 Select:3.47 s,11307,678.671,282.847,678.671,282.847,148.069,97.229,13.110
390,V1.F5 Select:3.47 s,83,1274.934,287.982,1274.934,287.982,16.209,6.520,54.788
391,V1.F5 Select:3.47 s,288,1276.747,325.399,1276.747,325.399,45.020,8.145,90.504
392,V1.F5 Select:3.47 s,2040,767.281,328.784,767.281,328.784,69.195,37.538,13.430
393,V1.F5 Select:3.47 s,43,195.430,318.035,195.430,318.035,11.175,4.899,178.520
394,V1.F5 Select:3.47 s,49802,814.186,577.482,814.186,577.482,362.613,174.869,86.243
395,V1.F5 Select:3.47 s,336,1272.890,434.024,1272.890,434.024,30.589,13.986,65.159
396,V1.F5 Select:3.47 s,933,625.760,658.755,625.760,658.755,40.761,29.144,22.363
397,V1.F5 Select:3.47 s,4970,1005.860,695.685,1005.860,695.685,87.352,72.443,49.076
398,V1.F5 Select:3.47 s,549,332.209,704.535,332.209,704.535,31.832,21.959,17.345
399,V1.F5 Select:3.47 s,4322,245.720,808.622,245.720,808.622,101.377,54.282,69.010
400,V1.F5 Select:3.47 s,26,416.500,891.000,416.500,891.000,6.259,5.289,90.000
401,V1.F5 Select:3.47 s,37,61.878,982.149,61.878,982.149,7.598,6.200,171.321
402,V1.F5 Select:3.53 s,2920,134.122,10.577,134.122,10.577,143.446,25.918,3.219
403,V1.F5 Select:3.53 s,150,348.687,49.860,348.687,49.860,22.780,8.384,99.894
404,V1.F5 Select:3.53 s,86231,421.145,283.475,421.145,283.475,472.257,232.485,156.067
405,V1.F5 Select:3.53 s,28,437.607,101.000,437.607,101.000,6.470,5.510,137.285
406,V1.F5 Select:3.53 s,30012,1200.151,300.100,1200.151,300.100,265.193,144.093,121.803
407,V1.F5 Select:3.53 s,58,137.328,324.397,137.328,324.397,13.772,5.362,24.123
408,V1.F5 Select:3.53 s,62343,701.929,572.707,701.929,572.707,359.792,220.620,36.996
409,V1.F5 Select:3.53 s,3583,959.024,676.830,959.024,676.830,95.523,47.758,42.425
410,V1.F5 Select:3.53 s,533,306.438,716.192,306.438,716.192,38.641,17.563,11.018
411,V1.F5 Select:3.53 s,4420,215.934,818.034,215.934,818.034,100.280,56.120,116.576
412,V1.F5 Select:3.53 s,39,62.064,982.064,62.064,982.064,8.198,6.057,166.995
413,V1.F5 Select:3.60 s,48,15.312,3.771,15.312,3.771,9.583,6.378,114.034
414,V1.F5 Select:3.60 s,866,115.606,9.636,115.606,9.636,44.699,24.668,7.174
415,V1.F5 Select:3.60 s,294,287.605,33.830,287.605,33.830,23.047,16.242,102.361
416,V1.F5 Select:3.60 s,25,227.060,93.900,227.060,93.900,6.089,5.227,175.085
417,V1.F5 Select:3.60 s,13422,70.097,161.067,70.097,161.067,142.142,120.228,38.674
418,V1.F5 Select:3.60 s,26,437.615,101.000,437.615,101.000,6.342,5.220,111.714
419,V1.F5 Select:3.60 s,584,162.344,140.260,162.344,140.260,32.482,22.892,41.020
420,V1.F5 Select:3.60 s,16088,210.286,235.159,210.286,235.159,163.525,125.265,70.809
421,V1.F5 Select:3.60 s,40930,1176.347,294.749,1176.347,294.749,271.059,192.260,114.310
422,V1.F5 Select:3.60 s,39858,375.039,332.140,375.039,332.140,359.554,141.144,35.801
423,V1.F5 Select:3.60 s,6842,635.620,267.105,635.620,267.105,145.396,59.916,18.491
424,V1.F5 Select:3.60 s,66,67.030,352.182,67.030,352.182,10.548,7.967,6.421
425,V1.F5 Select:3.60 s,63324,630.575,563.763,630.575,563.763,348.744,231.191,56.609
426,V1.F5 Select:3.60 s,4732,896.509,666.828,896.509,666.828,102.310,58.890,161.041
427,V1.F5 Select:3.60 s,707,289.605,722.351,289.605,722.351,40.395,22.285,5.321
428,V1.F5 Select:3.60 s,5659,196.474,827.843,196.474,827.843,100.095,71.984,64.093
429,V1.F5 Select:3.60 s,23,354.413,919.283,354.413,919.283,5.757,5.087,110.702
430,V1.F5 Select:3.60 s,37,62.122,982.230,62.122,982.230,8.011,5.880,161.765
431,V1.F5 Select:3.67 s,315,200.163,29.338,200.163,29.338,27.852,14.400,73.758
432,V1.F5 Select:3.67 s,65873,206.561,270.753,206.561,270.753,402.901,208.170,158.144
433,V1.F5 Select:3.67 s,26,437.654,101.077,437.654,101.077,6.420,5.156,124.516
434,V1.F5 Select:3.67 s,2503,1261.257,146.967,1261.257,146.967,73.191,43.542,73.989
435,V1.F5 Select:3.67 s,37967,1082.869,306.846,1082.869,306.846,282.787,170.945,125.119
436,V1.F5 Select:3.67 s,6372,559.889,238.919,559.889,238.919,146.209,55.490,1.056
437,V1.F5 Select:3.67 s,63085,576.566,535.895,576.566,535.895,367.656,218.471,90.393
438,V1.F5 Select:3.67 s,85,7.653,377.041,7.653,377.041,13.368,8.096,14.990
439,V1.F5 Select:3.67 s,4743,830.816,662.052,830.816,662.052,81.487,74.110,70.703
440,V1.F5 Select:3.67 s,552,282.842,722.889,282.842,722.889,32.324,21.743,16.632
441,V1.F5 Select:3.67 s,4383,171.519,827.519,171.519,827.519,99.812,55.911,71.629
442,V1.F5 Select:3.67 s,45,1278.722,832.900,1278.722,832.900,18.650,3.072,88.790
443,V1.F5 Select:3.67 s,23,331.587,914.283,331.587,914.283,5.757,5.087,69.298
444,V1.F5 Select:3.67 s,34,61.824,982.147,61.824,982.147,7.216,5.999,160.909
445,V1.F5 Select:3.73 s,208,134.317,67.971,134.317,67.971,26.403,10.030,104.044
446,V1.F5 Select:3.73 s,3854,15.753,164.021,15.753,164.021,133.953,36.633,92.379
447,V1.F5 Select:3.73 s,29,437.810,101.190,437.810,101.190,6.563,5.626,134.999
448,V1.F5 Select:3.73 s,6459,1231.128,147.864,1231.128,147.864,120.880,68.033,0.581
449,V1.F5 Select:3.73 s,43315,985.871,326.074,985.871,326.074,394.883,139.662,44.442
450,V1.F5 Select:3.73 s,45826,146.328,306.387,146.328,306.387,290.563,200.808,25.223
451,V1.F5 Select:3.73 s,7360,455.487,253.061,455.487,253.061,174.781,53.616,0.202
452,V1.F5 Select:3.73 s,27,1069.907,279.056,1069.907,279.056,8.154,4.216,177.350
453,V1.F5 Select:3.73 s,20041,1224.267,417.591,1224.267,417.591,188.511,135.361,83.158
454,V1.F5 Select:3.73 s,59883,503.793,522.852,503.793,522.852,380.635,200.311,76.650
455,V1.F5 Select:3.73 s,3749,792.529,666.143,792.529,666.143,97.617,48.899,43.798
456,V1.F5 Select:3.73 s,555,259.700,727.545,259.700,727.545,38.929,18.152,3.060
457,V1.F5 Select:3.73 s,4422,150.298,831.179,150.298,831.179,100.456,56.047,113.677
458,V1.F5 Select:3.73 s,368,1274.353,835.590,1274.353,835.590,36.471,12.847,80.940
459,V1.F5 Select:3.73 s,37,61.716,982.338,61.716,982.338,7.374,6.389,166.739
460,V1.F5 Select:3.80 s,333,87.980,69.617,87.980,69.617,25.162,16.850,105.797
461,V1.F5 Select:3.80 s,27,437.611,101.019,437.611,101.019,6.126,5.612,98.001
462,V1.F5 Select:3.80 s,7017,1195.534,160.862,1195.534,160.862,127.774,69.923,18.020
463,V1.F5 Select:3.80 s,22,1.545,147.227,1.545,147.227,8.160,3.433,77.090
464,V1.F5 Select:3.80 s,41196,872.202,333.037,872.202,333.037,382.641,137.080,55.488
465,V1.F5 Select:3.80 s,22263,59.578,293.277,59.578,293.277,212.919,133.131,104.257
466,V1.F5 Select:3.80 s,101,206.797,197.470,206.797,197.470,13.805,9.315,109.989
467,V1.F5 Select:3.80 s,5885,385.533,253.996,385.533,253.996,128.264,58.419,13.708
468,V1.F5 Select:3.80 s,46757,1173.476,449.693,1173.476,449.693,333.056,178.747,93.097
469,V1.F5 Select:3.80 s,65794,393.630,502.490,393.630,502.490,349.121,239.950,142.441
470,V1.F5 Select:3.80 s,4831,739.297,670.931,739.297,670.931,103.752,59.286,163.153
471,V1.F5 Select:3.80 s,821,248.462,737.763,248.462,737.763,41.042,25.470,21.458
472,V1.F5 Select:3.80 s,5749,128.404,844.522,128.404,844.522,101.247,72.297,65.559
473,V1.F5 Select:3.80 s,2054,1251.696,837.164,1251.696,837.164,64.082,40.811,15.468
474,V1.F5 Select:3.80 s,24,277.500,930.792,277.500,930.792,5.735,5.329,90.000
475,V1.F5 Select:3.80 s,35,61.729,982.186,61.729,982.186,7.346,6.066,170.210
476,V1.F5 Select:3.87 s,330,34.442,86.361,34.442,86.361,27.631,15.206,77.776
477,V1.F5 Select:3.87 s,26,437.615,101.000,437.615,101.000,6.342,5.220,111.714
478,V1.F5 Select:3.87 s,16450,1229.691,245.972,1229.691,245.972,269.456,77.730,92.235
479,V1.F5 Select:3.87 s,8712,870.859,186.236,870.859,186.236,115.804,95.786,118.438
480,V1.F5 Select:3.87 s,25376,748.224,320.121,748.224,320.121,326.210,99.046,89.381
481,V1.F5 Select:3.87 s,145,191.790,197.783,191.790,197.783,16.114,11.457,140.394
482,V1.F5 Select:3.87 s,6854,338.668,236.670,338.668,236.670,151.737,57.513,179.278
483,V1.F5 Select:3.87 s,3947,20.614,323.298,20.614,323.298,105.615,47.583,79.296
484,V1.F5 Select:3.87 s,59790,306.220,517.337,306.220,517.337,311.913,244.065,127.973
485,V1.F5 Select:3.87 s,33287,1048.459,488.645,1048.459,488.645,236.695,179.059,4.190
486,V1.F5 Select:3.87 s,4762,665.956,671.874,665.956,671.874,78.989,76.760,44.536
487,V1.F5 Select:3.87 s,575,237.010,763.135,237.010,763.135,31.964,22.904,11.557
488,V1.F5 Select:3.87 s,4525,97.055,852.745,97.055,852.745,101.263,56.896,72.616
489,V1.F5 Select:3.87 s,1613,1226.448,831.312,1226.448,831.312,48.850,42.042,168.611
490,V1.F5 Select:3.87 s,22,254.591,940.409,254.591,940.409,5.554,5.043,45.000
491,V1.F5 Select:3.87 s,34,61.824,982.206,61.824,982.206,7.070,6.123,171.100
492,V1.F5 Select:3.93 s,23,437.674,101.022,437.674,101.022,6.036,4.852,131.499
493,V1.F5 Select:3.93 s,49514,679.780,274.810,679.780,274.810,405.651,155.412,39.153
494,V1.F5 Select:3.93 s,25217,1178.556,276.705,1178.556,276.705,290.464,110.538,119.567
495,V1.F5 Select:3.93 s,46,654.065,149.739,654.065,149.739,8.018,7.304,165.861
496,V1.F5 Select:3.93 s,7043,242.859,225.926,242.859,225.926,173.131,51.796,175.380
497,V1.F5 Select:3.93 s,64051,200.093,488.469,200.093,488.469,357.013,228.430,154.955
498,V1.F5 Select:3.93 s,60443,902.612,509.627,902.612,509.627,408.602,188.346,0.137
499,V1.F5 Select:3.93 s,3753,618.843,679.715,618.843,679.715,99.189,48.175,43.179
500,V1.F5 Select:3.93 s,6800,1242.245,767.342,1242.245,767.342,120.467,71.871,111.273
501,V1.F5 Select:3.93 s,578,224.344,765.074,224.344,765.074,39.837,18.474,6.287
502,V1.F5 Select:3.93 s,35,574.300,802.843,574.300,802.843,11.540,3.862,35.784
503,V1.F5 Select:3.93 s,4298,76.010,862.057,76.010,862.057,98.361,55.636,115.616
504,V1.F5 Select:3.93 s,1690,1202.540,833.129,1202.540,833.129,53.053,40.559,23.526
505,V1.F5 Select:3.93 s,23,61.674,982.500,61.674,982.500,5.433,5.390,90.000
506,V1.F5 Select:4.00 s,70738,563.817,349.218,563.817,349.218,539.278,167.013,128.893
507,V1.F5 Select:4.00 s,17538,1067.242,295.867,1067.242,295.867,238.619,93.580,48.198
508,V1.F5 Select:4.00 s,6800,123.986,227.923,123.986,227.923,152.505,56.772,2.743
509,V1.F5 Select:4.00 s,29720,45.620,464.773,45.620,464.773,342.685,110.424,85.570
510,V1.F5 Select:4.00 s,29528,1075.686,750.720,1075.686,750.720,220.763,170.301,19.257
511,V1.F5 Select:4.00 s,4804,489.454,693.857,489.454,693.857,80.542,75.944,62.000
512,V1.F5 Select:4.00 s,25,1271.260,664.580,1271.260,664.580,7.391,4.307,26.785
513,V1.F5 Select:4.00 s,559,198.543,758.811,198.543,758.811,30.053,23.683,6.545
514,V1.F5 Select:4.00 s,682,1266.890,788.386,1266.890,788.386,42.065,20.643,47.429
515,V1.F5 Select:4.00 s,4355,30.943,871.201,30.943,871.201,99.641,55.649,81.140
516,V1.F5 Select:4.00 s,21,61.833,982.452,61.833,982.452,5.254,5.090,98.130
517,V1.F5 Select:4.07 s,45988,350.799,221.045,350.799,221.045,375.958,155.745,63.479
518,V1.F5 Select:4.07 s,22938,936.892,303.722,936.892,303.722,208.346,140.178,75.729
519,V1.F5 Select:4.07 s,4191,53.967,236.945,53.967,236.945,125.404,42.552,8.285
520,V1.F5 Select:4.07 s,114,4.904,357.175,4.904,357.175,13.766,10.544,134.194
521,V1.F5 Select:4.07 s,59939,502.598,503.895,502.598,503.895,417.080,182.979,1.850
522,V1.F5 Select:4.07 s,8665,44.519,450.399,44.519,450.399,106.849,103.254,154.362
523,V1.F5 Select:4.07 s,37738,1003.980,749.609,1003.980,749.609,296.683,161.956,8.139
524,V1.F5 Select:4.07 s,3645,459.629,720.020,459.629,720.020,99.029,46.865,43.114
525,V1.F5 Select:4.07 s,595,177.455,767.592,177.455,767.592,40.026,18.927,14.037
526,V1.F5 Select:4.07 s,1299,1220.749,778.037,1220.749,778.037,46.533,35.543,18.773
527,V1.F5 Select:4.07 s,2757,18.181,882.199,18.181,882.199,80.681,43.509,100.984
528,V1.F5 Select:4.13 s,35441,272.944,195.240,272.944,195.240,331.351,136.185,53.570
529,V1.F5 Select:4.13 s,29,437.741,100.914,437.741,100.914,6.676,5.531,133.118
530,V1.F5 Select:4.13 s,21352,864.713,331.193,864.713,331.193,258.478,105.178,75.899
531,V1.F5 Select:4.13 s,1689,16.463,234.897,16.463,234.897,60.784,35.379,65.183
532,V1.F5 Select:4.13 s,167,4.937,371.135,4.937,371.135,19.306,11.014,74.896
533,V1.F5 Select:4.13 s,47204,331.212,519.652,331.212,519.652,307.448,195.486,26.446
534,V1.F5 Select:4.13 s,69,1270.891,625.341,1270.891,625.341,12.501,7.028,6.818
535,V1.F5 Select:4.13 s,37858,842.855,749.997,842.855,749.997,313.141,153.932,176.041
536,V1.F5 Select:4.13 s,5118,422.384,717.414,422.384,717.414,104.448,62.389,150.358
537,V1.F5 Select:4.13 s,1729,1170.904,773.010,1170.904,773.010,66.760,32.975,170.203
538,V1.F5 Select:4.13 s,798,154.412,778.797,154.412,778.797,43.577,23.316,8.501
539,V1.F5 Select:4.13 s,40,1.475,828.725,1.475,828.725,15.540,3.277,88.424
540,V1.F5 Select:4.13 s,1480,10.522,883.882,10.522,883.882,80.333,23.457,87.685
541,V1.F5 Select:4.13 s,20,61.950,982.450,61.950,982.450,5.350,4.760,93.209
542,V1.F5 Select:4.20 s,35846,197.328,163.355,197.328,163.355,326.586,139.750,110.656
543,V1.F5 Select:4.20 s,30,437.633,101.100,437.633,101.100,7.000,5.457,154.864
544,V1.F5 Select:4.20 s,17364,842.299,305.887,842.299,305.887,200.322,110.365,44.296
545,V1.F5 Select:4.20 s,37464,235.058,506.712,235.058,506.712,277.520,171.882,10.608
546,V1.F5 Select:4.20 s,28941,718.200,744.643,718.200,744.643,218.375,168.741,13.243
547,V1.F5 Select:4.20 s,26,1202.654,639.385,1202.654,639.385,6.320,5.238,19.006
548,V1.F5 Select:4.20 s,4868,369.437,692.143,369.437,692.143,86.285,71.833,46.270
549,V1.F5 Select:4.20 s,1219,1131.298,767.301,1131.298,767.301,51.683,30.031,37.194
550,V1.F5 Select:4.20 s,632,143.059,783.332,143.059,783.332,34.368,23.414,21.225
551,V1.F5 Select:4.20 s,24,61.833,982.333,61.833,982.333,5.896,5.182,135.000
552,V1.F5 Select:4.27 s,50175,117.912,192.067,117.912,192.067,368.926,173.164,78.812
553,V1.F5 Select:4.27 s,31,437.952,101.081,437.952,101.081,7.299,5.407,132.682
554,V1.F5 Select:4.27 s,39,13.679,133.141,13.679,133.141,9.358,5.306,153.358
555,V1.F5 Select:4.27 s,16262,725.355,328.212,725.355,328.212,188.950,109.582,60.967
556,V1.F5 Select:4.27 s,41142,125.648,550.714,125.648,550.714,273.278,191.686,16.512
557,V1.F5 Select:4.27 s,36269,647.232,744.517,647.232,744.517,304.155,151.828,6.766
558,V1.F5 Select:4.27 s,3888,333.044,666.528,333.044,666.528,96.007,51.563,40.372
559,V1.F5 Select:4.27 s,35,1202.500,639.500,1202.500,639.500,7.016,6.352,18.435
560,V1.F5 Select:4.27 s,1374,1110.290,766.574,1110.290,766.574,47.568,36.777,174.648
561,V1.F5 Select:4.27 s,665,130.438,791.392,130.438,791.392,42.506,19.920,12.877
562,V1.F5 Select:4.27 s,28,104.857,836.786,104.857,836.786,7.809,4.565,10.701
563,V1.F5 Select:4.27 s,1022,1262.956,869.915,1262.956,869.915,43.405,29.979,139.462
564,V1.F5 Select:4.27 s,26,62.000,982.077,62.000,982.077,6.122,5.407,99.928
565,V1.F5 Select:4.33 s,33144,59.883,189.451,59.883,189.451,360.955,116.913,77.277
566,V1.F5 Select:4.33 s,31,5.177,57.919,5.177,57.919,6.870,5.745,24.173
567,V1.F5 Select:4.33 s,35,437.729,101.043,437.729,101.043,7.326,6.083,148.847
568,V1.F5 Select:4.33 s,21318,637.999,343.000,637.999,343.000,231.690,117.152,89.579
569,V1.F5 Select:4.33 s,87,4.098,468.764,4.098,468.764,11.513,9.622,118.321
570,V1.F5 Select:4.33 s,2567,12.761,578.138,12.761,578.138,109.032,29.977,86.389
571,V1.F5 Select:4.33 s,5153,247.546,637.765,247.546,637.765,99.079,66.220,157.551
572,V1.F5 Select:4.33 s,47,1202.117,639.287,1202.117,639.287,8.640,6.926,7.833
573,V1.F5 Select:4.33 s,37063,487.642,751.150,487.642,751.150,321.811,146.639,179.892
574,V1.F5 Select:4.33 s,2008,1069.938,765.779,1069.938,765.779,67.630,37.803,4.307
575,V1.F5 Select:4.33 s,725,102.104,777.907,102.104,777.907,44.678,20.661,156.798
576,V1.F5 Select:4.33 s,3921,1239.088,913.214,1239.088,913.214,123.920,40.287,73.204
577,V1.F5 Select:4.33 s,34,61.794,982.000,61.794,982.000,6.986,6.197,0.000
578,V1.F5 Select:4.40 s,23,5.457,40.891,5.457,40.891,6.196,4.726,66.909
579,V1.F5 Select:4.40 s,19442,38.508,248.862,38.508,248.862,311.011,79.593,97.294
580,V1.F5 Select:4.40 s,42,437.905,101.238,437.905,101.238,8.306,6.438,141.189
581,V1.F5 Select:4.40 s,16827,596.751,330.850,596.751,330.850,178.548,119.995,72.907
582,V1.F5 Select:4.40 s,136,1209.243,499.426,1209.243,499.426,16.277,10.638,83.745
583,V1.F5 Select:4.40 s,4718,176.690,624.851,176.690,624.851,86.210,69.680,66.481
584,V1.F5 Select:4.40 s,29782,356.540,757.815,356.540,757.815,228.951,165.624,9.346
585,V1.F5 Select:4.40 s,44,1201.886,639.318,1201.886,639.318,8.112,6.906,10.205
586,V1.F5 Select:4.40 s,1252,1039.653,763.415,1039.653,763.415,45.961,34.683,40.330
587,V1.F5 Select:4.40 s,662,76.246,770.645,76.246,770.645,30.185,27.924,60.170
588,V1.F5 Select:4.40 s,4196,1207.323,928.612,1207.323,928.612,124.166,43.027,97.005
589,V1.F5 Select:4.40 s,33,62.015,982.015,62.015,982.015,6.907,6.083,157.072
590,V1.F5 Select:4.47 s,45,437.922,101.011,437.922,101.011,8.430,6.797,130.070
591,V1.F5 Select:4.47 s,21619,525.960,336.095,525.960,336.095,205.999,133.623,69.903
592,V1.F5 Select:4.47 s,31078,1228.229,553.970,1228.229,553.970,320.244,123.561,94.086
593,V1.F5 Select:4.47 s,196,1046.628,478.612,1046.628,478.612,18.397,13.565,46.845
594,V1.F5 Select:4.47 s,4246,130.522,591.721,130.522,591.721,96.717,55.897,33.050
595,V1.F5 Select:4.47 s,35450,298.949,752.560,298.949,752.560,308.717,146.206,0.523
596,V1.F5 Select:4.47 s,1436,1007.512,771.807,1007.512,771.807,48.130,37.988,179.798
597,V1.F5 Select:4.47 s,650,42.111,770.192,42.111,770.192,42.316,19.558,16.070
598,V1.F5 Select:4.47 s,265,1273.591,808.070,1273.591,808.070,24.714,13.653,64.399
599,V1.F5 Select:4.47 s,3457,1173.928,949.247,1173.928,949.247,120.363,36.569,131.861
600,V1.F5 Select:4.47 s,36,61.944,982.000,61.944,982.000,7.157,6.404,0.000
601,V1.F5 Select:4.53 s,47,437.798,101.096,437.798,101.096,8.285,7.223,132.977
602,V1.F5 Select:4.53 s,74,2.162,197.568,2.162,197.568,17.687,5.327,92.133
603,V1.F5 Select:4.53 s,21296,459.840,350.583,459.840,350.583,277.282,97.788,50.662
604,V1.F5 Select:4.53 s,91923,1131.163,604.047,1131.163,604.047,407.459,287.243,69.032
605,V1.F5 Select:4.53 s,117,946.560,430.765,946.560,430.765,13.688,10.883,98.764
606,V1.F5 Select:4.53 s,4193,68.033,573.298,68.033,573.298,103.580,51.542,168.816
607,V1.F5 Select:4.53 s,38939,161.358,748.721,161.358,748.721,322.147,153.901,2.282
608,V1.F5 Select:4.53 s,2079,926.001,799.174,926.001,799.174,67.632,39.140,16.694
609,V1.F5 Select:4.53 s,22064,1204.399,922.304,1204.399,922.304,199.047,141.136,27.812
610,V1.F5 Select:4.53 s,36,61.778,982.111,61.778,982.111,7.311,6.270,176.702
611,V1.F5 Select:4.60 s,49,437.908,101.276,437.908,101.276,8.537,7.308,145.251
612,V1.F5 Select:4.60 s,18860,443.218,335.574,443.218,335.574,268.036,89.590,25.079
613,V1.F5 Select:4.60 s,134,897.119,372.433,897.119,372.433,16.505,10.337,111.747
614,V1.F5 Select:4.60 s,67333,1034.604,583.539,1034.604,583.539,432.237,198.343,49.447
615,V1.F5 Select:4.60 s,3619,23.375,543.705,23.375,543.705,83.134,55.427,97.268
616,V1.F5 Select:4.60 s,17686,57.624,738.713,57.624,738.713,168.368,133.746,114.343
617,V1.F5 Select:4.60 s,43347,1160.191,901.807,1160.191,901.807,282.819,195.146,129.216
618,V1.F5 Select:4.60 s,1459,871.725,811.037,871.725,811.037,45.498,40.829,142.817
619,V1.F5 Select:4.60 s,35,61.871,982.071,61.871,982.071,7.139,6.243,165.443
620,V1.F5 Select:4.67 s,50,437.780,101.100,437.780,101.100,8.521,7.472,137.193
621,V1.F5 Select:4.67 s,17294,310.593,316.678,310.593,316.678,235.207,93.617,135.248
622,V1.F5 Select:4.67 s,173,860.887,286.645,860.887,286.645,17.479,12.602,40.035
623,V1.F5 Select:4.67 s,147304,962.329,655.738,962.329,655.738,748.538,250.560,130.197
624,V1.F5 Select:4.67 s,3148,24.801,516.820,24.801,516.820,73.473,54.553,82.913
625,V1.F5 Select:4.67 s,11314,43.462,727.612,43.462,727.612,171.288,84.101,67.589
626,V1.F5 Select:4.67 s,25,1111.620,655.780,1111.620,655.780,6.579,4.838,150.930
627,V1.F5 Select:4.67 s,1397,859.008,828.827,859.008,828.827,45.535,39.063,10.887
628,V1.F5 Select:4.67 s,35,61.900,982.014,61.900,982.014,7.094,6.282,149.177
629,V1.F5 Select:4.73 s,47,437.926,101.032,437.926,101.032,8.376,7.145,139.895
630,V1.F5 Select:4.73 s,18490,220.865,331.422,220.865,331.422,204.127,115.331,77.294
631,V1.F5 Select:4.73 s,154,852.896,324.481,852.896,324.481,17.501,11.204,88.546
632,V1.F5 Select:4.73 s,94100,669.375,540.523,669.375,540.523,386.691,309.839,29.853
633,V1.F5 Select:4.73 s,33,2.015,540.136,2.015,540.136,8.651,4.857,86.571
634,V1.F5 Select:4.73 s,78489,997.183,826.704,997.183,826.704,405.857,246.233,19.680
635,V1.F5 Select:4.73 s,28,61.786,982.036,61.786,982.036,6.432,5.543,66.140
636,V1.F5 Select:4.80 s,47,437.777,100.989,437.777,100.989,8.604,6.956,135.615
637,V1.F5 Select:4.80 s,16146,164.129,316.568,164.129,316.568,286.654,71.716,25.839
638,V1.F5 Select:4.80 s,66997,547.929,524.819,547.929,524.819,448.350,190.260,41.871
639,V1.F5 Select:4.80 s,116,802.405,409.922,802.405,409.922,15.264,9.676,81.178
640,V1.F5 Select:4.80 s,47373,874.724,840.365,874.724,840.365,280.333,215.162,103.571
641,V1.F5 Select:4.80 s,2442,1256.372,999.690,1256.372,999.690,62.218,49.973,52.142
642,V1.F5 Select:4.80 s,29,61.776,982.086,61.776,982.086,6.354,5.811,111.505
643,V1.F5 Select:4.87 s,40,437.825,101.150,437.825,101.150,7.793,6.535,148.903
644,V1.F5 Select:4.87 s,13292,106.000,293.836,106.000,293.836,229.623,73.703,32.888
645,V1.F5 Select:4.87 s,91049,397.733,476.178,397.733,476.178,400.375,289.547,149.888
646,V1.F5 Select:4.87 s,124,656.774,409.677,656.774,409.677,14.677,10.757,71.003
647,V1.F5 Select:4.87 s,57221,767.384,826.323,767.384,826.323,316.600,230.120,177.937
648,V1.F5 Select:4.87 s,5981,1187.960,1001.592,1187.960,1001.592,152.063,50.080,177.154
649,V1.F5 Select:4.87 s,25,61.700,982.260,61.700,982.260,6.122,5.200,83.868
650,V1.F5 Select:4.93 s,39,437.654,101.090,437.654,101.090,7.783,6.380,129.022
651,V1.F5 Select:4.93 s,3836,17.261,298.239,17.261,298.239,115.689,42.218,86.137
652,V1.F5 Select:4.93 s,89076,184.037,463.314,184.037,463.314,369.873,306.632,46.336
653,V1.F5 Select:4.93 s,23,451.283,453.283,451.283,453.283,6.827,4.289,33.444
654,V1.F5 Select:4.93 s,79595,647.552,819.316,647.552,819.316,482.750,209.929,3.884
655,V1.F5 Select:4.93 s,24,1150.167,734.625,1150.167,734.625,6.111,5.001,19.605
656,V1.F5 Select:4.93 s,32,403.500,923.781,403.500,923.781,11.620,3.506,37.611
657,V1.F5 Select:4.93 s,4137,1204.591,1004.492,1204.591,1004.492,113.041,46.597,3.838
658,V1.F5 Select:4.93 s,25,61.820,982.060,61.820,982.060,6.141,5.183,78.700
659,V1.F5 Select:5.00 s,40,437.775,101.050,437.775,101.050,7.901,6.446,133.977
660,V1.F5 Select:5.00 s,58569,112.166,448.424,112.166,448.424,371.356,200.811,57.410
661,V1.F5 Select:5.00 s,99,4.237,314.005,4.237,314.005,11.844,10.642,75.675
662,V1.F5 Select:5.00 s,1628,1266.744,597.951,1266.744,597.951,75.862,27.324,72.928
663,V1.F5 Select:5.00 s,59101,567.247,836.178,567.247,836.178,333.516,225.626,9.153
664,V1.F5 Select:5.00 s,36,374.306,932.056,374.306,932.056,10.356,4.426,137.050
665,V1.F5 Select:5.00 s,5299,1094.520,997.448,1094.520,997.448,106.816,63.164,168.194
666,V1.F5 Select:5.00 s,24,61.625,981.958,61.625,981.958,5.989,5.102,88.600
667,V1.F5 Select:5.07 s,37,437.770,100.932,437.770,100.932,7.372,6.391,154.285
668,V1.F5 Select:5.07 s,27044,48.479,479.307,48.479,479.307,288.729,119.259,93.491
669,V1.F5 Select:5.07 s,41607,1211.160,493.912,1211.160,493.912,325.222,162.891,96.786
670,V1.F5 Select:5.07 s,60873,380.106,785.909,380.106,785.909,370.174,209.377,152.479
671,V1.F5 Select:5.07 s,26,437.192,946.462,437.192,946.462,6.311,5.245,22.538
672,V1.F5 Select:5.07 s,6090,1020.157,1003.071,1020.157,1003.071,150.917,51.379,178.674
673,V1.F5 Select:5.13 s,39,437.577,101.064,437.577,101.064,8.082,6.144,127.112
674,V1.F5 Select:5.13 s,102778,1110.000,551.234,1110.000,551.234,399.382,327.659,46.637
675,V1.F5 Select:5.13 s,74301,250.031,801.067,250.031,801.067,392.871,240.799,7.209
676,V1.F5 Select:5.13 s,57,453.658,948.061,453.658,948.061,13.733,5.285,170.047
677,V1.F5 Select:5.13 s,3330,1021.738,1008.026,1021.738,1008.026,108.409,39.110,2.710
678,V1.F5 Select:5.20 s,2801,1266.190,129.951,1266.190,129.951,107.484,33.180,92.959
679,V1.F5 Select:5.20 s,43,437.686,101.291,437.686,101.291,7.997,6.846,143.228
680,V1.F5 Select:5.20 s,93125,851.083,605.271,851.083,605.271,360.742,328.684,137.366
681,V1.F5 Select:5.20 s,53265,151.760,794.021,151.760,794.021,330.012,205.505,21.931
682,V1.F5 Select:5.20 s,26,62.038,982.231,62.038,982.231,5.991,5.526,1.414
683,V1.F5 Select:5.20 s,3524,876.647,1009.193,876.647,1009.193,123.012,36.475,0.444
684,V1.F5 Select:5.27 s,3751,1262.342,140.340,1262.342,140.340,116.325,41.057,96.304
685,V1.F5 Select:5.27 s,38,437.605,101.158,437.605,101.158,7.870,6.148,131.615
686,V1.F5 Select:5.27 s,112826,643.487,666.036,643.487,666.036,459.416,312.689,28.139
687,V1.F5 Select:5.27 s,31920,94.583,769.074,94.583,769.074,254.361,159.780,39.300
688,V1.F5 Select:5.27 s,3847,895.251,1006.028,895.251,1006.028,110.757,44.224,0.219
689,V1.F5 Select:5.27 s,24,61.833,982.333,61.833,982.333,5.896,5.182,135.000
690,V1.F5 Select:5.33 s,5184,1246.122,148.411,1246.122,148.411,117.719,56.070,69.069
691,V1.F5 Select:5.33 s,43,437.686,101.291,437.686,101.291,7.997,6.846,143.228
692,V1.F5 Select:5.33 s,92941,431.203,717.818,431.203,717.818,410.410,288.336,30.247
693,V1.F5 Select:5.33 s,7573,787.364,989.542,787.364,989.542,117.899,81.784,163.986
694,V1.F5 Select:5.33 s,25,62.060,982.340,62.060,982.340,6.114,5.206,5.917
695,V1.F5 Select:5.40 s,5450,1224.833,144.900,1224.833,144.900,109.560,63.337,99.327
696,V1.F5 Select:5.40 s,45,437.700,101.144,437.700,101.144,8.096,7.077,132.996
697,V1.F5 Select:5.40 s,91561,305.303,715.311,305.303,715.311,391.042,298.124,166.034
698,V1.F5 Select:5.40 s,88,1277.148,714.318,1277.148,714.318,16.599,6.750,89.753
699,V1.F5 Select:5.40 s,12038,705.000,973.293,705.000,973.293,152.800,100.309,163.834
700,V1.F5 Select:5.40 s,27,62.056,982.278,62.056,982.278,6.546,5.252,172.809
701,V1.F5 Select:5.47 s,4641,1215.963,145.971,1215.963,145.971,114.879,51.438,97.286
702,V1.F5 Select:5.47 s,45,437.767,101.011,437.767,101.011,8.182,7.003,126.902
703,V1.F5 Select:5.47 s,99291,157.959,699.457,157.959,699.457,380.953,331.855,170.211
704,V1.F5 Select:5.47 s,79,1276.297,679.310,1276.297,679.310,12.015,8.372,111.908
705,V1.F5 Select:5.47 s,2098,1247.659,711.616,1247.659,711.616,69.451,38.463,13.489
706,V1.F5 Select:5.47 s,12433,662.019,973.279,662.019,973.279,173.416,91.285,27.924
707,V1.F5 Select:5.47 s,29,62.052,982.086,62.052,982.086,6.394,5.774,164.590
708,V1.F5 Select:5.53 s,5357,1200.758,150.005,1200.758,150.005,115.237,59.189,65.510
709,V1.F5 Select:5.53 s,48,438.000,101.083,438.000,101.083,8.640,7.073,141.223
710,V1.F5 Select:5.53 s,17757,48.415,612.489,48.415,612.489,187.881,120.337,80.627
711,V1.F5 Select:5.53 s,2913,1251.303,711.789,1251.303,711.789,72.550,51.123,20.405
712,V1.F5 Select:5.53 s,2986,18.892,791.068,18.892,791.068,90.940,41.807,82.858
713,V1.F5 Select:5.53 s,14110,575.802,952.375,575.802,952.375,166.635,107.813,52.953
714,V1.F5 Select:5.53 s,36,61.778,982.111,61.778,982.111,7.311,6.270,176.702
715,V1.F5 Select:5.60 s,5409,1182.983,146.083,1182.983,146.083,109.086,63.133,98.478
716,V1.F5 Select:5.60 s,49,437.847,101.153,437.847,101.153,8.270,7.544,135.000
717,V1.F5 Select:5.60 s,65,3.023,684.192,3.023,684.192,11.558,7.160,79.276
718,V1.F5 Select:5.60 s,4177,1230.243,708.254,1230.243,708.254,109.875,48.403,176.468
719,V1.F5 Select:5.60 s,16692,505.577,933.676,505.577,933.676,190.374,111.637,134.646
720,V1.F5 Select:5.60 s,40,61.825,982.100,61.825,982.100,8.286,6.146,158.704
721,V1.F5 Select:5.67 s,4695,1176.072,146.434,1176.072,146.434,115.125,51.925,98.080
722,V1.F5 Select:5.67 s,53,437.953,101.160,437.953,101.160,8.916,7.569,137.785
723,V1.F5 Select:5.67 s,6051,1202.709,707.290,1202.709,707.290,164.298,46.893,7.079
724,V1.F5 Select:5.67 s,19245,455.126,941.802,455.126,941.802,250.300,97.897,37.400
725,V1.F5 Select:5.67 s,35,61.700,982.043,61.700,982.043,7.237,6.158,8.626
726,V1.F5 Select:5.73 s,5360,1162.674,150.807,1162.674,150.807,115.178,59.253,65.098
727,V1.F5 Select:5.73 s,53,437.953,100.934,437.953,100.934,8.944,7.545,144.820
728,V1.F5 Select:5.73 s,3060,1150.106,719.038,1150.106,719.038,71.994,54.117,8.352
729,V1.F5 Select:5.73 s,16906,399.304,921.630,399.304,921.630,213.695,100.730,51.425
730,V1.F5 Select:5.73 s,28,61.821,982.321,61.821,982.321,6.532,5.458,127.754
731,V1.F5 Select:5.80 s,5364,1145.554,146.337,1145.554,146.337,108.476,62.960,98.471
732,V1.F5 Select:5.80 s,55,438.045,101.064,438.045,101.064,8.831,7.930,138.339
733,V1.F5 Select:5.80 s,4828,1122.179,720.287,1122.179,720.287,130.414,47.136,175.882
734,V1.F5 Select:5.80 s,19680,345.006,898.105,345.006,898.105,229.584,109.143,125.403
735,V1.F5 Select:5.80 s,33,61.924,982.136,61.924,982.136,7.032,5.975,152.092
736,V1.F5 Select:5.87 s,4640,1137.488,146.759,1137.488,146.759,114.787,51.468,98.492
737,V1.F5 Select:5.87 s,55,437.973,101.064,437.973,101.064,9.093,7.702,138.596
738,V1.F5 Select:5.87 s,6156,1086.480,719.735,1086.480,719.735,169.271,46.305,6.234
739,V1.F5 Select:5.87 s,20,2.550,721.400,2.550,721.400,5.251,4.849,153.435
740,V1.F5 Select:5.87 s,22203,286.179,899.430,286.179,899.430,291.036,97.135,37.745
741,V1.F5 Select:5.87 s,29,61.914,982.155,61.914,982.155,6.142,6.011,17.389
742,V1.F5 Select:5.93 s,20,226.650,94.250,226.650,94.250,5.297,4.807,41.492
743,V1.F5 Select:5.93 s,5350,1123.390,150.968,1123.390,150.968,114.808,59.332,65.405
744,V1.F5 Select:5.93 s,56,438.000,101.000,438.000,101.000,9.049,7.880,134.998
745,V1.F5 Select:5.93 s,3414,1042.838,731.115,1042.838,731.115,84.493,51.446,12.869
746,V1.F5 Select:5.93 s,16828,256.380,871.228,256.380,871.228,222.889,96.129,42.054
747,V1.F5 Select:5.93 s,28,61.821,982.321,61.821,982.321,6.532,5.458,127.754
748,V1.F5 Select:6.00 s,5366,1106.759,146.668,1106.759,146.668,108.406,63.024,98.973
749,V1.F5 Select:6.00 s,20,226.750,94.000,226.750,94.000,5.241,4.858,52.018
750,V1.F5 Select:6.00 s,55,437.973,101.064,437.973,101.064,9.093,7.702,138.596
751,V1.F5 Select:6.00 s,4817,1025.321,730.739,1025.321,730.739,130.734,46.914,175.237
752,V1.F5 Select:6.00 s,21596,205.789,846.521,205.789,846.521,254.427,108.074,117.775
753,V1.F5 Select:6.00 s,32,62.031,982.156,62.031,982.156,6.780,6.009,141.782
754,V1.F5 Select:6.07 s,21,226.643,94.071,226.643,94.071,5.586,4.787,41.437
755,V1.F5 Select:6.07 s,4637,1099.053,147.041,1099.053,147.041,114.556,51.538,98.234
756,V1.F5 Select:6.07 s,56,438.000,101.000,438.000,101.000,9.049,7.880,134.998
757,V1.F5 Select:6.07 s,6167,987.533,733.696,987.533,733.696,168.883,46.494,6.858
758,V1.F5 Select:6.07 s,22154,172.663,854.506,172.663,854.506,286.585,98.426,43.455
759,V1.F5 Select:6.07 s,30,61.800,982.200,61.800,982.200,6.385,5.983,176.015
760,V1.F5 Select:6.13 s,5369,1066.182,146.966,1066.182,146.966,108.088,63.245,98.501
761,V1.F5 Select:6.13 s,56,438.000,101.000,438.000,101.000,9.049,7.880,134.998
762,V1.F5 Select:6.13 s,21334,100.551,794.644,100.551,794.644,265.312,102.382,124.205
763,V1.F5 Select:6.13 s,4784,924.745,743.660,924.745,743.660,127.984,47.593,175.150
764,V1.F5 Select:6.13 s,25,61.740,982.260,61.740,982.260,6.229,5.110,137.736
765,V1.F5 Select:6.20 s,4686,1058.278,147.245,1058.278,147.245,114.735,52.002,98.078
766,V1.F5 Select:6.20 s,56,438.000,101.000,438.000,101.000,9.049,7.880,134.998
767,V1.F5 Select:6.20 s,18205,75.149,782.115,75.149,782.115,222.342,104.251,52.778
768,V1.F5 Select:6.20 s,6203,887.098,746.611,887.098,746.611,168.135,46.974,6.272
769,V1.F5 Select:6.20 s,20,229.600,964.350,229.600,964.350,6.864,3.710,48.123
770,V1.F5 Select:6.20 s,25,61.660,982.100,61.660,982.100,6.033,5.276,110.424
771,V1.F5 Select:6.27 s,368,401.288,5.402,401.288,5.402,35.308,13.270,178.372
772,V1.F5 Select:6.27 s,5360,1043.055,151.808,1043.055,151.808,114.968,59.360,64.686
773,V1.F5 Select:6.27 s,56,438.000,101.000,438.000,101.000,9.049,7.880,134.998
774,V1.F5 Select:6.27 s,33,533.076,481.773,533.076,481.773,14.052,2.990,93.971
775,V1.F5 Select:6.27 s,13008,63.715,758.694,63.715,758.694,148.854,111.265,46.264
776,V1.F5 Select:6.27 s,3549,840.964,756.367,840.964,756.367,88.074,51.306,11.079
777,V1.F5 Select:6.27 s,27,61.722,982.241,61.722,982.241,6.210,5.536,116.262
778,V1.F5 Select:6.33 s,441,315.899,5.294,315.899,5.294,44.738,12.551,2.674
779,V1.F5 Select:6.33 s,5413,1022.053,147.000,1022.053,147.000,108.446,63.553,98.771
780,V1.F5 Select:6.33 s,55,437.973,101.064,437.973,101.064,9.093,7.702,138.596
781,V1.F5 Select:6.33 s,1019,1272.642,360.780,1272.642,360.780,69.763,18.598,89.548
782,V1.F5 Select:6.33 s,32,515.688,491.156,515.688,491.156,14.566,2.797,98.622
783,V1.F5 Select:6.33 s,12628,36.651,800.467,36.651,800.467,248.306,64.753,102.153
784,V1.F5 Select:6.33 s,4791,824.422,756.108,824.422,756.108,125.785,48.496,174.881
785,V1.F5 Select:6.33 s,31,61.952,982.210,61.952,982.210,6.870,5.745,136.313
786,V1.F5 Select:6.40 s,663,321.583,7.054,321.583,7.054,49.685,16.990,2.437
787,V1.F5 Select:6.40 s,4714,1012.521,146.822,1012.521,146.822,114.279,52.521,97.562
788,V1.F5 Select:6.40 s,56,437.893,101.071,437.893,101.071,9.154,7.789,145.546
789,V1.F5 Select:6.40 s,6126,1244.311,359.158,1244.311,359.158,101.365,76.949,137.222
790,V1.F5 Select:6.40 s,20,504.200,500.350,504.200,500.350,8.432,3.020,72.903
791,V1.F5 Select:6.40 s,6686,30.919,731.551,30.919,731.551,119.214,71.408,83.054
792,V1.F5 Select:6.40 s,6224,785.420,757.215,785.420,757.215,168.366,47.068,5.650
793,V1.F5 Select:6.40 s,23,166.935,808.326,166.935,808.326,6.732,4.350,3.197
794,V1.F5 Select:6.40 s,188,6.356,840.920,6.356,840.920,15.889,15.065,3.532
795,V1.F5 Select:6.40 s,35,61.871,982.071,61.871,982.071,7.139,6.243,165.443
796,V1.F5 Select:6.47 s,1126,303.039,11.551,303.039,11.551,50.461,28.411,172.979
797,V1.F5 Select:6.47 s,5409,994.517,150.868,994.517,150.868,115.783,59.482,63.231
798,V1.F5 Select:6.47 s,53,437.858,101.142,437.858,101.142,9.221,7.318,135.000
799,V1.F5 Select:6.47 s,7072,1233.181,369.963,1233.181,369.963,110.470,81.510,163.209
800,V1.F5 Select:6.47 s,2522,13.164,747.909,13.164,747.909,102.985,31.180,91.073
801,V1.F5 Select:6.47 s,3534,739.277,765.457,739.277,765.457,88.762,50.693,10.619
802,V1.F5 Select:6.47 s,34,61.971,982.088,61.971,982.088,6.850,6.320,161.565
803,V1.F5 Select:6.47 s,20,169.000,990.200,169.000,990.200,7.014,3.631,140.194
804,V1.F5 Select:6.53 s,1277,226.711,12.432,226.711,12.432,58.067,28.001,12.890
805,V1.F5 Select:6.53 s,5357,968.547,145.212,968.547,145.212,107.512,63.442,97.761
806,V1.F5 Select:6.53 s,52,437.808,101.077,437.808,101.077,8.988,7.367,136.434
807,V1.F5 Select:6.53 s,15207,1183.930,368.277,1183.930,368.277,193.961,99.825,4.934
808,V1.F5 Select:6.53 s,24,472.000,511.875,472.000,511.875,13.353,2.288,94.372
809,V1.F5 Select:6.53 s,4653,723.498,764.071,723.498,764.071,123.964,47.791,174.292
810,V1.F5 Select:6.53 s,44,94.023,813.341,94.023,813.341,7.850,7.137,166.910
811,V1.F5 Select:6.53 s,36,61.778,982.111,61.778,982.111,7.311,6.270,176.702
812,V1.F5 Select:6.60 s,1932,221.585,12.996,221.585,12.996,81.540,30.168,172.358
813,V1.F5 Select:6.60 s,4641,957.792,144.835,957.792,144.835,113.817,51.918,98.286
814,V1.F5 Select:6.60 s,52,437.788,100.981,437.788,100.981,8.670,7.636,133.811
815,V1.F5 Select:6.60 s,15698,1126.200,372.680,1126.200,372.680,180.924,110.473,3.153
816,V1.F5 Select:6.60 s,6051,687.446,763.396,687.446,763.396,167.826,45.907,5.381
817,V1.F5 Select:6.60 s,59,51.449,830.924,51.449,830.924,9.994,7.517,3.673
818,V1.F5 Select:6.60 s,22,152.773,931.636,152.773,931.636,7.582,3.694,87.492
819,V1.F5 Select:6.60 s,41,62.061,982.085,62.061,982.085,8.182,6.380,165.989
820,V1.F5 Select:6.67 s,1831,210.069,19.905,210.069,19.905,54.647,42.661,167.057
821,V1.F5 Select:6.67 s,5427,939.527,147.137,939.527,147.137,115.811,59.665,62.974
822,V1.F5 Select:6.67 s,21,226.643,94.071,226.643,94.071,5.586,4.787,41.437
823,V1.F5 Select:6.67 s,54,437.778,101.000,437.778,101.000,9.110,7.547,141.889
824,V1.F5 Select:6.67 s,9062,1080.228,383.315,1080.228,383.315,146.012,79.022,171.633
825,V1.F5 Select:6.67 s,21,445.833,518.500,445.833,518.500,12.557,2.129,94.349
826,V1.F5 Select:6.67 s,3445,641.719,770.690,641.719,770.690,89.133,49.211,10.322
827,V1.F5 Select:6.67 s,34,18.971,828.353,18.971,828.353,7.284,5.943,104.483
828,V1.F5 Select:6.67 s,32,123.031,933.781,123.031,933.781,8.045,5.064,92.920
829,V1.F5 Select:6.67 s,44,62.136,982.000,62.136,982.000,8.719,6.425,171.077
830,V1.F5 Select:6.73 s,3346,121.199,18.961,121.199,18.961,99.490,42.821,168.840
831,V1.F5 Select:6.73 s,4687,907.792,141.720,907.792,141.720,114.522,52.110,101.584
832,V1.F5 Select:6.73 s,52,437.808,101.077,437.808,101.077,8.988,7.367,136.434
833,V1.F5 Select:6.73 s,15725,961.681,384.636,961.681,384.636,183.553,109.078,3.280
834,V1.F5 Select:6.73 s,5921,588.826,767.166,588.826,767.166,167.380,45.040,5.419
835,V1.F5 Select:6.73 s,38,69.763,935.921,69.763,935.921,9.623,5.028,95.789
836,V1.F5 Select:6.73 s,46,62.174,982.087,62.174,982.087,9.007,6.503,172.529
837,V1.F5 Select:6.73 s,20,131.000,989.850,131.000,989.850,6.968,3.655,27.927
838,V1.F5 Select:6.80 s,2588,109.855,26.807,109.855,26.807,67.606,48.740,128.414
839,V1.F5 Select:6.80 s,5485,894.867,146.161,894.867,146.161,116.612,59.889,63.899
840,V1.F5 Select:6.80 s,54,437.796,101.074,437.796,101.074,8.818,7.797,139.949
841,V1.F5 Select:6.80 s,8844,917.442,395.599,917.442,395.599,142.605,78.963,171.490
842,V1.F5 Select:6.80 s,1634,1268.987,788.181,1268.987,788.181,80.889,25.720,82.575
843,V1.F5 Select:6.80 s,3468,547.060,773.831,547.060,773.831,90.098,49.009,9.580
844,V1.F5 Select:6.80 s,51,49.186,936.676,49.186,936.676,10.426,6.228,97.812
845,V1.F5 Select:6.80 s,52,62.135,981.731,62.135,981.731,9.090,7.284,1.515
846,V1.F5 Select:6.80 s,21,126.357,990.214,126.357,990.214,7.108,3.762,128.182
847,V1.F5 Select:6.87 s,3928,52.815,21.918,52.815,21.918,109.079,45.850,13.699
848,V1.F5 Select:6.87 s,5321,877.130,145.604,877.130,145.604,107.326,63.125,98.302
849,V1.F5 Select:6.87 s,52,437.808,101.077,437.808,101.077,8.988,7.367,136.434
850,V1.F5 Select:6.87 s,16043,861.213,394.542,861.213,394.542,211.018,96.800,5.201
851,V1.F5 Select:6.87 s,4046,1256.249,784.065,1256.249,784.065,95.341,54.033,71.803
852,V1.F5 Select:6.87 s,4455,533.046,771.860,533.046,771.860,121.665,46.622,174.015
853,V1.F5 Select:6.87 s,36,30.222,934.889,30.222,934.889,8.187,5.599,83.686
854,V1.F5 Select:6.87 s,45,62.078,982.056,62.078,982.056,8.729,6.563,174.834
855,V1.F5 Select:6.93 s,3563,32.982,28.962,32.982,28.962,69.864,64.934,139.226
856,V1.F5 Select:6.93 s,4745,871.533,151.787,871.533,151.787,115.027,52.523,101.841
857,V1.F5 Select:6.93 s,51,437.735,101.029,437.735,101.029,8.748,7.423,133.542
858,V1.F5 Select:6.93 s,15960,797.162,400.922,797.162,400.922,185.620,109.476,3.004
859,V1.F5 Select:6.93 s,9251,1217.923,773.869,1217.923,773.869,141.527,83.226,167.208
860,V1.F5 Select:6.93 s,5919,497.132,770.783,497.132,770.783,167.113,45.097,5.470
861,V1.F5 Select:6.93 s,24,29.542,813.208,29.542,813.208,6.530,4.680,117.949
862,V1.F5 Select:6.93 s,43,7.895,938.663,7.895,938.663,9.067,6.038,80.569
863,V1.F5 Select:6.93 s,46,62.065,981.978,62.065,981.978,8.636,6.782,172.760
864,V1.F5 Select:7.00 s,2573,18.167,35.173,18.167,35.173,80.680,40.605,85.565
865,V1.F5 Select:7.00 s,54,437.648,101.074,437.648,101.074,9.183,7.487,147.018
866,V1.F5 Select:7.00 s,5451,860.160,160.093,860.160,160.093,116.667,59.489,65.531
867,V1.F5 Select:7.00 s,8609,750.605,413.123,750.605,413.123,138.622,79.074,170.146
868,V1.F5 Select:7.00 s,9279,1176.810,771.498,1176.810,771.498,124.505,94.891,6.390
869,V1.F5 Select:7.00 s,3447,452.493,777.781,452.493,777.781,89.890,48.825,9.943
870,V1.F5 Select:7.00 s,27,17.500,813.500,17.500,813.500,7.031,4.889,70.264
871,V1.F5 Select:7.00 s,46,62.065,981.978,62.065,981.978,8.636,6.782,172.760
872,V1.F5 Select:7.07 s,1109,14.757,17.408,14.757,17.408,44.988,31.387,59.714
873,V1.F5 Select:7.07 s,53,437.594,101.066,437.594,101.066,8.780,7.686,143.353
874,V1.F5 Select:7.07 s,5498,842.840,160.182,842.840,160.182,110.027,63.623,99.126
875,V1.F5 Select:7.07 s,16060,694.491,410.132,694.491,410.132,210.420,97.178,5.787
876,V1.F5 Select:7.07 s,9398,1145.601,767.899,1145.601,767.899,133.550,89.599,15.651
877,V1.F5 Select:7.07 s,4479,438.154,775.947,438.154,775.947,121.647,46.880,174.263
878,V1.F5 Select:7.07 s,24,2.542,812.375,2.542,812.375,6.235,4.901,54.709
879,V1.F5 Select:7.07 s,49,62.255,981.990,62.255,981.990,9.075,6.875,165.727
880,V1.F5 Select:7.13 s,51,437.735,101.029,437.735,101.029,8.748,7.423,133.542
881,V1.F5 Select:7.13 s,4814,834.664,160.895,834.664,160.895,115.808,52.927,96.157
882,V1.F5 Select:7.13 s,16226,631.694,414.374,631.694,414.374,187.754,110.035,1.556
883,V1.F5 Select:7.13 s,21,1276.262,547.452,1276.262,547.452,8.605,3.107,122.704
884,V1.F5 Select:7.13 s,11775,1091.126,757.925,1091.126,757.925,171.702,87.317,178.041
885,V1.F5 Select:7.13 s,5941,401.877,775.099,401.877,775.099,167.215,45.237,5.272
886,V1.F5 Select:7.13 s,49,62.439,982.133,62.439,982.133,9.691,6.438,171.556
887,V1.F5 Select:7.20 s,51,437.735,101.029,437.735,101.029,8.748,7.423,133.542
888,V1.F5 Select:7.20 s,5457,818.357,164.578,818.357,164.578,116.561,59.609,65.914
889,V1.F5 Select:7.20 s,8516,583.329,423.723,583.329,423.723,136.755,79.287,168.441
890,V1.F5 Select:7.20 s,22,1269.500,546.409,1269.500,546.409,8.458,3.312,122.881
891,V1.F5 Select:7.20 s,9198,1033.912,754.602,1033.912,754.602,123.038,95.184,5.896
892,V1.F5 Select:7.20 s,3483,354.160,782.388,354.160,782.388,90.481,49.012,9.689
893,V1.F5 Select:7.20 s,55,62.264,981.973,62.264,981.973,10.460,6.695,168.705
894,V1.F5 Select:7.27 s,51,437.735,101.029,437.735,101.029,8.748,7.423,133.542
895,V1.F5 Select:7.27 s,5586,798.081,159.869,798.081,159.869,110.814,64.182,99.469
896,V1.F5 Select:7.27 s,15995,529.982,418.463,529.982,418.463,210.291,96.844,5.274
897,V1.F5 Select:7.27 s,26,1265.385,544.885,1265.385,544.885,9.473,3.495,117.207
898,V1.F5 Select:7.27 s,9339,999.287,746.109,999.287,746.109,134.259,88.566,14.641
899,V1.F5 Select:7.27 s,4475,339.827,780.323,339.827,780.323,121.158,47.028,174.282
900,V1.F5 Select:7.27 s,3565,1258.990,980.920,1258.990,980.920,92.216,49.222,81.361
901,V1.F5 Select:7.27 s,52,62.038,981.923,62.038,981.923,9.551,6.932,167.032
902,V1.F5 Select:7.33 s,48,437.604,101.042,437.604,101.042,8.537,7.159,136.102
903,V1.F5 Select:7.33 s,4826,787.909,158.533,787.909,158.533,116.210,52.875,96.145
904,V1.F5 Select:7.33 s,16273,469.240,420.170,469.240,420.170,188.945,109.658,1.278
905,V1.F5 Select:7.33 s,27,1259.463,543.685,1259.463,543.685,8.884,3.869,118.810
906,V1.F5 Select:7.33 s,11736,941.103,735.657,941.103,735.657,171.335,87.213,177.507
907,V1.F5 Select:7.33 s,5985,309.367,778.964,309.367,778.964,167.550,45.481,5.005
908,V1.F5 Select:7.33 s,15925,1209.296,951.538,1209.296,951.538,163.387,124.100,13.290
909,V1.F5 Select:7.33 s,50,62.160,982.080,62.160,982.080,10.053,6.333,175.579
910,V1.F5 Select:7.40 s,50,437.780,101.100,437.780,101.100,8.521,7.472,137.193
911,V1.F5 Select:7.40 s,5433,772.737,160.607,772.737,160.607,115.334,59.978,65.686
912,V1.F5 Select:7.40 s,8465,421.282,428.509,421.282,428.509,136.328,79.059,169.304
913,V1.F5 Select:7.40 s,25,1254.380,542.300,1254.380,542.300,9.121,3.490,120.880
914,V1.F5 Select:7.40 s,8907,880.185,730.518,880.185,730.518,121.143,93.614,4.831
915,V1.F5 Select:7.40 s,3491,260.439,786.037,260.439,786.037,90.600,49.060,9.818
916,V1.F5 Select:7.40 s,20824,1103.665,943.805,1103.665,943.805,264.790,100.132,7.099
917,V1.F5 Select:7.40 s,49,62.337,982.010,62.337,982.010,9.398,6.639,172.871
918,V1.F5 Select:7.47 s,5539,754.397,154.698,754.397,154.698,110.027,64.098,98.463
919,V1.F5 Select:7.47 s,52,437.788,100.981,437.788,100.981,8.670,7.636,133.811
920,V1.F5 Select:7.47 s,15935,369.143,421.472,369.143,421.472,210.702,96.293,4.794
921,V1.F5 Select:7.47 s,32,1252.906,542.844,1252.906,542.844,9.476,4.300,120.751
922,V1.F5 Select:7.47 s,9664,836.065,715.545,836.065,715.545,138.819,88.638,10.629
923,V1.F5 Select:7.47 s,4497,245.854,784.506,245.854,784.506,121.013,47.315,174.405
924,V1.F5 Select:7.47 s,18699,1052.784,890.387,1052.784,890.387,169.679,140.314,18.866
925,V1.F5 Select:7.47 s,45,62.078,982.056,62.078,982.056,8.729,6.563,174.834
926,V1.F5 Select:7.53 s,49,437.622,100.969,437.622,100.969,8.537,7.308,130.789
927,V1.F5 Select:7.53 s,4833,745.518,153.361,745.518,153.361,115.946,53.073,97.165
928,V1.F5 Select:7.53 s,16310,303.558,422.861,303.558,422.861,189.415,109.635,0.891
929,V1.F5 Select:7.53 s,28,1251.893,545.357,1251.893,545.357,9.353,3.812,120.212
930,V1.F5 Select:7.53 s,12080,770.811,695.504,770.811,695.504,174.673,88.054,178.302
931,V1.F5 Select:7.53 s,24520,937.143,838.652,937.143,838.652,228.363,136.712,161.666
932,V1.F5 Select:7.53 s,6014,213.356,782.201,213.356,782.201,167.857,45.618,4.531
933,V1.F5 Select:7.53 s,13550,1126.345,986.991,1126.345,986.991,202.200,85.323,174.910
934,V1.F5 Select:7.53 s,49,62.071,982.092,62.071,982.092,9.823,6.351,174.277
935,V1.F5 Select:7.60 s,5478,732.522,154.846,732.522,154.846,115.763,60.251,64.930
936,V1.F5 Select:7.60 s,51,437.735,101.029,437.735,101.029,8.748,7.423,133.542
937,V1.F5 Select:7.60 s,8451,253.930,429.356,253.930,429.356,136.556,78.796,168.733
938,V1.F5 Select:7.60 s,27,1249.130,547.611,1249.130,547.611,9.348,3.678,117.882
939,V1.F5 Select:7.60 s,9570,710.053,682.363,710.053,682.363,112.640,108.176,1.992
940,V1.F5 Select:7.60 s,15612,854.738,804.304,854.738,804.304,180.651,110.035,90.657
941,V1.F5 Select:7.60 s,3572,164.466,787.209,164.466,787.209,92.572,49.130,9.357
942,V1.F5 Select:7.60 s,8382,1139.041,988.395,1139.041,988.395,127.560,83.665,169.062
943,V1.F5 Select:7.60 s,22,1070.727,967.364,1070.727,967.364,6.017,4.655,12.069
944,V1.F5 Select:7.60 s,50,62.000,982.080,62.000,982.080,9.929,6.412,168.804
945,V1.F5 Select:7.67 s,5498,715.471,149.241,715.471,149.241,109.251,64.075,98.337
946,V1.F5 Select:7.67 s,48,437.771,100.958,437.771,100.958,8.414,7.264,147.598
947,V1.F5 Select:7.67 s,15926,201.153,418.002,201.153,418.002,211.101,96.057,4.582
948,V1.F5 Select:7.67 s,28,1245.536,554.321,1245.536,554.321,8.804,4.049,116.883
949,V1.F5 Select:7.67 s,10487,655.870,657.588,655.870,657.588,144.108,92.656,3.487
950,V1.F5 Select:7.67 s,24189,821.420,781.134,821.420,781.134,250.150,123.120,13.951
951,V1.F5 Select:7.67 s,4525,148.268,784.100,148.268,784.100,121.655,47.359,174.703
952,V1.F5 Select:7.67 s,9689,1113.329,993.404,1113.329,993.404,178.934,68.944,6.586
953,V1.F5 Select:7.67 s,49,984.031,964.929,984.031,964.929,8.044,7.756,66.801
954,V1.F5 Select:7.67 s,48,61.979,982.083,61.979,982.083,9.556,6.395,174.218
955,V1.F5 Select:7.73 s,4826,708.357,148.845,708.357,148.845,115.944,52.997,98.380
956,V1.F5 Select:7.73 s,49,437.684,101.031,437.684,101.031,8.575,7.276,142.675
957,V1.F5 Select:7.73 s,16186,139.276,415.350,139.276,415.350,189.368,108.829,1.444
958,V1.F5 Select:7.73 s,25,1240.460,563.700,1240.460,563.700,7.884,4.038,120.047
959,V1.F5 Select:7.73 s,11628,593.812,636.949,593.812,636.949,171.153,86.503,179.402
960,V1.F5 Select:7.73 s,23274,770.343,754.302,770.343,754.302,201.250,147.247,41.556
961,V1.F5 Select:7.73 s,6091,115.886,780.165,115.886,780.165,168.962,45.900,4.286
962,V1.F5 Select:7.73 s,88,894.591,938.557,894.591,938.557,10.897,10.282,81.622
963,V1.F5 Select:7.73 s,10547,825.172,990.811,825.172,990.811,183.433,73.209,170.052
964,V1.F5 Select:7.73 s,50,62.020,982.240,62.020,982.240,9.416,6.761,168.723
965,V1.F5 Select:7.80 s,5482,680.915,147.150,680.915,147.150,109.214,63.911,98.120
966,V1.F5 Select:7.80 s,50,437.780,101.100,437.780,101.100,8.521,7.472,137.193
967,V1.F5 Select:7.80 s,11310,64.838,408.542,64.838,408.542,156.930,91.763,7.487
968,V1.F5 Select:7.80 s,10486,484.624,608.632,484.624,608.632,148.913,89.658,2.205
969,V1.F5 Select:7.80 s,25,1232.140,572.060,1232.140,572.060,8.181,3.891,138.257
970,V1.F5 Select:7.80 s,24992,680.791,715.288,680.791,715.288,243.389,130.740,18.722
971,V1.F5 Select:7.80 s,4447,53.114,781.339,53.114,781.339,116.407,48.641,173.517
972,V1.F5 Select:7.80 s,9063,756.290,993.997,756.290,993.997,162.266,71.114,173.208
973,V1.F5 Select:7.80 s,74,817.500,948.000,817.500,948.000,10.344,9.109,68.674
974,V1.F5 Select:7.80 s,46,62.174,982.087,62.174,982.087,9.007,6.503,172.529
975,V1.F5 Select:7.87 s,4793,674.783,147.492,674.783,147.492,115.710,52.741,99.061
976,V1.F5 Select:7.87 s,47,437.926,101.032,437.926,101.032,8.376,7.145,139.895
977,V1.F5 Select:7.87 s,5862,28.620,401.536,28.620,401.536,119.415,62.502,70.700
978,V1.F5 Select:7.87 s,11216,425.731,591.876,425.731,591.876,165.208,86.440,0.324
979,V1.F5 Select:7.87 s,23,1227.587,577.370,1227.587,577.370,7.759,3.774,144.111
980,V1.F5 Select:7.87 s,19607,645.807,714.614,645.807,714.614,198.092,126.024,14.969
981,V1.F5 Select:7.87 s,3868,44.720,773.867,44.720,773.867,103.678,47.502,177.138
982,V1.F5 Select:7.87 s,19870,622.565,987.821,622.565,987.821,285.925,88.482,0.581
983,V1.F5 Select:7.87 s,68,716.456,945.618,716.456,945.618,9.914,8.733,56.815
984,V1.F5 Select:7.87 s,43,61.942,982.151,61.942,982.151,8.633,6.342,167.033
985,V1.F5 Select:7.93 s,5441,664.018,152.151,664.018,152.151,115.119,60.179,66.100
986,V1.F5 Select:7.93 s,46,437.739,100.913,437.739,100.913,8.410,6.964,139.902
987,V1.F5 Select:7.93 s,8261,377.970,579.720,377.970,579.720,109.977,95.640,161.434
988,V1.F5 Select:7.93 s,27,1225.315,581.648,1225.315,581.648,8.872,3.875,4.927
989,V1.F5 Select:7.93 s,20823,589.224,705.097,589.224,705.097,211.922,125.106,0.513
990,V1.F5 Select:7.93 s,13896,496.775,992.902,496.775,992.902,232.501,76.098,172.900
991,V1.F5 Select:7.93 s,83,647.789,983.030,647.789,983.030,11.729,9.010,62.323
992,V1.F5 Select:7.93 s,45,62.078,982.056,62.078,982.056,8.729,6.563,174.834
993,V1.F5 Select:8.00 s,5457,648.993,149.566,648.993,149.566,109.215,63.618,98.653
994,V1.F5 Select:8.00 s,46,437.913,101.109,437.913,101.109,8.400,6.972,145.017
995,V1.F5 Select:8.00 s,10620,327.085,567.908,327.085,567.908,154.006,87.800,2.062
996,V1.F5 Select:8.00 s,37,1220.311,585.743,1220.311,585.743,10.672,4.414,170.580
997,V1.F5 Select:8.00 s,18208,555.729,711.541,555.729,711.541,177.461,130.638,11.213
998,V1.F5 Select:8.00 s,24,1.583,782.500,1.583,782.500,7.648,3.995,90.000
999,V1.F5 Select:8.00 s,9863,469.511,1001.598,469.511,1001.598,245.758,51.099,0.765
1000,V1.F5 Select:8.00 s,47,62.032,982.245,62.032,982.245,8.348,7.169,171.186
1001,V1.F5 Select:8.07 s,4800,643.200,151.823,643.200,151.823,116.204,52.593,99.468
1002,V1.F5 Select:8.07 s,45,437.833,101.122,437.833,101.122,8.356,6.857,139.103
1003,V1.F5 Select:8.07 s,10957,263.697,549.447,263.697,549.447,161.849,86.197,179.595
1004,V1.F5 Select:8.07 s,26,1216.308,589.231,1216.308,589.231,8.085,4.094,10.999
1005,V1.F5 Select:8.07 s,25834,462.337,706.675,462.337,706.675,246.036,133.691,177.625
1006,V1.F5 Select:8.07 s,38,854.053,681.132,854.053,681.132,12.124,3.991,7.812
1007,V1.F5 Select:8.07 s,8700,355.192,1004.657,355.192,1004.657,223.386,49.588,179.540
1008,V1.F5 Select:8.07 s,46,62.065,982.261,62.065,982.261,8.660,6.763,165.239
1009,V1.F5 Select:8.13 s,45,437.833,100.989,437.833,100.989,8.129,7.048,133.039
1010,V1.F5 Select:8.13 s,5407,631.224,157.864,631.224,157.864,115.110,59.807,66.237
1011,V1.F5 Select:8.13 s,8589,219.834,544.490,219.834,544.490,115.343,94.811,140.831
1012,V1.F5 Select:8.13 s,17631,431.537,717.159,431.537,717.159,184.714,121.531,137.377
1013,V1.F5 Select:8.13 s,13103,223.406,984.206,223.406,984.206,171.810,97.103,2.224
1014,V1.F5 Select:8.13 s,44,62.023,982.114,62.023,982.114,8.736,6.413,171.260
1015,V1.F5 Select:8.20 s,48,437.833,101.229,437.833,101.229,8.277,7.384,143.983
1016,V1.F5 Select:8.20 s,5422,613.504,157.227,613.504,157.227,108.668,63.529,98.638
1017,V1.F5 Select:8.20 s,25,1270.620,163.380,1270.620,163.380,7.116,4.473,156.399
1018,V1.F5 Select:8.20 s,11072,160.543,529.300,160.543,529.300,157.823,89.324,1.988
1019,V1.F5 Select:8.20 s,21,1207.929,595.119,1207.929,595.119,6.279,4.258,82.798
1020,V1.F5 Select:8.20 s,23854,365.071,737.583,365.071,737.583,210.083,144.570,45.432
1021,V1.F5 Select:8.20 s,33,769.773,727.652,769.773,727.652,8.228,5.107,171.656
1022,V1.F5 Select:8.20 s,3524,55.841,1001.462,55.841,1001.462,91.914,48.816,22.572
1023,V1.F5 Select:8.20 s,66,96.924,964.197,96.924,964.197,9.706,8.658,73.208
1024,V1.F5 Select:8.20 s,4081,237.435,1000.502,237.435,1000.502,96.819,53.668,12.679
1025,V1.F5 Select:8.27 s,47,437.926,100.947,437.926,100.947,8.690,6.886,136.996
1026,V1.F5 Select:8.27 s,4767,605.945,160.362,605.945,160.362,115.501,52.550,99.126
1027,V1.F5 Select:8.27 s,21,1259.357,165.690,1259.357,165.690,6.542,4.087,142.053
1028,V1.F5 Select:8.27 s,11016,107.303,521.939,107.303,521.939,159.750,87.800,2.225
1029,V1.F5 Select:8.27 s,21,1202.786,597.929,1202.786,597.929,6.433,4.156,85.552
1030,V1.F5 Select:8.27 s,23239,300.307,749.930,300.307,749.930,245.123,120.710,27.751
1031,V1.F5 Select:8.27 s,71,730.570,748.401,730.570,748.401,16.542,5.465,7.695
1032,V1.F5 Select:8.27 s,9289,71.455,985.691,71.455,985.691,138.636,85.311,6.550
1033,V1.F5 Select:8.33 s,47,437.904,101.202,437.904,101.202,8.285,7.223,137.023
1034,V1.F5 Select:8.33 s,5418,591.248,168.117,591.248,168.117,116.339,59.296,65.475
1035,V1.F5 Select:8.33 s,8876,65.638,524.946,65.638,524.946,117.773,95.958,149.425
1036,V1.F5 Select:8.33 s,24,1197.833,600.250,1197.833,600.250,7.508,4.070,82.671
1037,V1.F5 Select:8.33 s,17481,236.827,774.231,236.827,774.231,164.682,135.154,108.195
1038,V1.F5 Select:8.33 s,64,688.797,765.094,688.797,765.094,11.098,7.343,179.255
1039,V1.F5 Select:8.33 s,30,62.000,982.233,62.000,982.233,6.400,5.968,144.984
1040,V1.F5 Select:8.33 s,1099,39.126,1016.108,39.126,1016.108,75.543,18.523,1.398
1041,V1.F5 Select:8.40 s,44,438.023,101.159,438.023,101.159,8.277,6.768,145.576
1042,V1.F5 Select:8.40 s,5463,561.307,168.027,561.307,168.027,109.395,63.584,99.438
1043,V1.F5 Select:8.40 s,6507,44.498,515.351,44.498,515.351,108.858,76.108,37.379
1044,V1.F5 Select:8.40 s,25,1192.340,604.340,1192.340,604.340,7.878,4.041,63.163
1045,V1.F5 Select:8.40 s,23405,164.862,789.289,164.862,789.289,225.060,132.410,171.809
1046,V1.F5 Select:8.40 s,122,662.262,781.697,662.262,781.697,15.820,9.819,165.769
1047,V1.F5 Select:8.40 s,26,61.692,982.346,61.692,982.346,6.165,5.370,132.524
1048,V1.F5 Select:8.40 s,64,1.500,1013.484,1.500,1013.484,24.167,3.372,91.725
1049,V1.F5 Select:8.47 s,45,437.944,101.189,437.944,101.189,8.291,6.911,151.781
1050,V1.F5 Select:8.47 s,4820,553.356,171.393,553.356,171.393,115.999,52.906,98.388
1051,V1.F5 Select:8.47 s,21,1202.738,172.167,1202.738,172.167,5.896,4.535,142.448
1052,V1.F5 Select:8.47 s,2626,15.568,503.923,15.568,503.923,97.219,34.392,83.096
1053,V1.F5 Select:8.47 s,26,1184.231,607.731,1184.231,607.731,7.723,4.286,67.176
1054,V1.F5 Select:8.47 s,21429,82.338,823.047,82.338,823.047,205.983,132.459,55.040
1055,V1.F5 Select:8.47 s,186,628.667,795.247,628.667,795.247,21.989,10.770,12.593
1056,V1.F5 Select:8.47 s,24,61.750,982.167,61.750,982.167,5.910,5.171,94.429
1057,V1.F5 Select:8.53 s,28,227.071,93.964,227.071,93.964,6.614,5.390,34.149
1058,V1.F5 Select:8.53 s,49,437.847,101.153,437.847,101.153,8.270,7.544,135.000
1059,V1.F5 Select:8.53 s,5354,540.411,178.117,540.411,178.117,114.683,59.441,67.617
1060,V1.F5 Select:8.53 s,12452,34.985,853.019,34.985,853.019,187.374,84.614,91.634
1061,V1.F5 Select:8.53 s,20,624.250,798.050,624.250,798.050,5.978,4.260,167.726
1062,V1.F5 Select:8.53 s,101,599.381,806.965,599.381,806.965,13.926,9.234,0.034
1063,V1.F5 Select:8.53 s,24,61.667,982.375,61.667,982.375,5.805,5.264,93.071
1064,V1.F5 Select:8.60 s,29,226.914,94.052,226.914,94.052,6.259,5.900,30.964
1065,V1.F5 Select:8.60 s,51,437.971,101.265,437.971,101.265,8.748,7.423,136.458
1066,V1.F5 Select:8.60 s,5534,522.051,177.674,522.051,177.674,109.821,64.160,100.240
1067,V1.F5 Select:8.60 s,7369,23.714,851.146,23.714,851.146,169.486,55.359,87.937
1068,V1.F5 Select:8.60 s,29,624.121,797.638,624.121,797.638,6.894,5.356,0.782
1069,V1.F5 Select:8.60 s,114,581.053,819.684,581.053,819.684,15.236,9.526,162.535
1070,V1.F5 Select:8.60 s,29,61.776,982.155,61.776,982.155,6.548,5.639,125.450
1071,V1.F5 Select:8.67 s,35,227.014,93.900,227.014,93.900,7.204,6.186,56.158
1072,V1.F5 Select:8.67 s,55,437.973,101.064,437.973,101.064,9.093,7.702,138.596
1073,V1.F5 Select:8.67 s,5032,513.417,180.775,513.417,180.775,117.167,54.682,98.390
1074,V1.F5 Select:8.67 s,37,1094.338,180.014,1094.338,180.014,7.109,6.626,172.614
1075,V1.F5 Select:8.67 s,51,624.010,798.343,624.010,798.343,8.312,7.812,4.204
1076,V1.F5 Select:8.67 s,166,554.494,831.867,554.494,831.867,22.548,9.374,8.105
1077,V1.F5 Select:8.67 s,34,61.794,982.000,61.794,982.000,6.986,6.197,0.000
1078,V1.F5 Select:8.73 s,29,227.086,94.052,227.086,94.052,6.608,5.588,40.184
1079,V1.F5 Select:8.73 s,54,438.019,101.130,438.019,101.130,8.883,7.740,142.533
1080,V1.F5 Select:8.73 s,5463,499.206,187.271,499.206,187.271,116.226,59.847,66.568
1081,V1.F5 Select:8.73 s,25,1048.700,174.940,1048.700,174.940,6.464,4.925,114.972
1082,V1.F5 Select:8.73 s,5965,1244.174,412.760,1244.174,412.760,99.073,76.659,55.807
1083,V1.F5 Select:8.73 s,27,623.685,798.056,623.685,798.056,7.046,4.879,174.733
1084,V1.F5 Select:8.73 s,93,529.457,842.575,529.457,842.575,13.704,8.640,178.798
1085,V1.F5 Select:8.73 s,24,61.875,982.042,61.875,982.042,5.539,5.516,108.435
1086,V1.F5 Select:8.80 s,27625,1231.171,259.914,1231.171,259.914,309.867,113.511,87.321
1087,V1.F5 Select:8.80 s,28,227.000,94.107,227.000,94.107,6.326,5.635,44.386
1088,V1.F5 Select:8.80 s,54,437.944,101.241,437.944,101.241,8.855,7.765,153.116
1089,V1.F5 Select:8.80 s,5602,478.700,186.781,478.700,186.781,109.877,64.915,100.791
1090,V1.F5 Select:8.80 s,72,511.639,855.125,511.639,855.125,11.852,7.735,164.168
1091,V1.F5 Select:8.80 s,22,61.955,982.182,61.955,982.182,5.973,4.690,135.959
1092,V1.F5 Select:8.87 s,40042,1166.901,281.167,1166.901,281.167,346.731,147.039,87.525
1093,V1.F5 Select:8.87 s,25,227.020,94.140,227.020,94.140,6.005,5.301,35.242
1094,V1.F5 Select:8.87 s,52,438.019,101.212,438.019,101.212,8.670,7.636,136.189
1095,V1.F5 Select:8.87 s,5043,467.069,189.933,467.069,189.933,116.866,54.943,98.626
1096,V1.F5 Select:8.87 s,94,486.926,868.085,486.926,868.085,16.912,7.077,9.472
1097,V1.F5 Select:8.87 s,23,61.674,982.500,61.674,982.500,5.433,5.390,90.000
1098,V1.F5 Select:8.93 s,34172,1100.056,264.610,1100.056,264.610,426.440,102.029,46.228
1099,V1.F5 Select:8.93 s,24,226.708,94.042,226.708,94.042,6.116,4.997,47.940
1100,V1.F5 Select:8.93 s,50,437.960,101.340,437.960,101.340,8.754,7.272,141.782
1101,V1.F5 Select:8.93 s,5538,449.465,196.076,449.465,196.076,117.060,60.236,65.766
1102,V1.F5 Select:8.93 s,506,1273.543,657.101,1273.543,657.101,41.339,15.585,90.258
1103,V1.F5 Select:8.93 s,59,461.873,882.246,461.873,882.246,12.142,6.187,175.626
1104,V1.F5 Select:8.93 s,22,61.955,982.409,61.955,982.409,5.844,4.793,141.473
1105,V1.F5 Select:9.00 s,39190,840.450,246.153,840.450,246.153,337.605,147.801,94.519
1106,V1.F5 Select:9.00 s,50,437.960,101.340,437.960,101.340,8.754,7.272,141.782
1107,V1.F5 Select:9.00 s,4995,402.813,201.694,402.813,201.694,116.285,54.692,99.394
1108,V1.F5 Select:9.00 s,92433,1167.284,550.187,1167.284,550.187,499.349,235.686,89.630
1109,V1.F5 Select:9.00 s,66,417.652,921.788,417.652,921.788,13.499,6.225,13.879
1110,V1.F5 Select:9.07 s,373,1227.814,6.342,1227.814,6.342,31.924,14.876,9.911
1111,V1.F5 Select:9.07 s,34977,758.925,236.746,758.925,236.746,436.459,102.035,45.759
1112,V1.F5 Select:9.07 s,50,437.960,101.340,437.960,101.340,8.754,7.272,141.782
1113,V1.F5 Select:9.07 s,5481,372.061,206.295,372.061,206.295,117.170,59.560,62.726
1114,V1.F5 Select:9.07 s,113370,1094.178,563.729,1094.178,563.729,482.549,299.135,91.688
1115,V1.F5 Select:9.07 s,47,1044.628,627.883,1044.628,627.883,13.143,4.553,1.170
1116,V1.F5 Select:9.07 s,44,388.273,941.227,388.273,941.227,11.345,4.938,4.322
1117,V1.F5 Select:9.13 s,7415,908.540,27.473,908.540,27.473,146.507,64.441,175.326
1118,V1.F5 Select:9.13 s,45199,610.857,235.986,610.857,235.986,336.662,170.941,96.718
1119,V1.F5 Select:9.13 s,48,437.917,101.250,437.917,101.250,8.131,7.516,163.515
1120,V1.F5 Select:9.13 s,5523,327.072,211.355,327.072,211.355,107.910,65.166,105.580
1121,V1.F5 Select:9.13 s,110648,1005.089,565.197,1005.089,565.197,476.005,295.966,95.166
1122,V1.F5 Select:9.13 s,21,61.833,982.452,61.833,982.452,5.254,5.090,98.130
1123,V1.F5 Select:9.20 s,30,707.533,1.833,707.533,1.833,8.720,4.380,3.162
1124,V1.F5 Select:9.20 s,3917,779.302,30.143,779.302,30.143,103.650,48.117,162.453
1125,V1.F5 Select:9.20 s,153,831.160,3.990,831.160,3.990,20.539,9.484,8.966
1126,V1.F5 Select:9.20 s,40549,482.995,264.236,482.995,264.236,332.640,155.209,93.731
1127,V1.F5 Select:9.20 s,4674,272.649,226.789,272.649,226.789,108.721,54.737,100.344
1128,V1.F5 Select:9.20 s,119517,883.464,560.844,883.464,560.844,492.891,308.737,103.565
1129,V1.F5 Select:9.20 s,22,61.818,982.318,61.818,982.318,5.647,4.960,96.813
1130,V1.F5 Select:9.20 s,28,332.714,1003.429,332.714,1003.429,7.481,4.766,11.074
1131,V1.F5 Select:9.27 s,9017,715.457,23.343,715.457,23.343,203.863,56.316,175.654
1132,V1.F5 Select:9.27 s,34269,383.112,261.774,383.112,261.774,431.912,101.022,47.728
1133,V1.F5 Select:9.27 s,54,438.019,101.130,438.019,101.130,8.883,7.740,142.533
1134,V1.F5 Select:9.27 s,5470,214.480,217.626,214.480,217.626,118.816,58.617,42.465
1135,V1.F5 Select:9.27 s,109201,772.392,557.536,772.392,557.536,497.823,279.294,107.423
1136,V1.F5 Select:9.33 s,64829,251.290,219.777,251.290,219.777,394.248,209.368,74.063
1137,V1.F5 Select:9.33 s,57,438.079,101.009,438.079,101.009,9.166,7.918,142.395
1138,V1.F5 Select:9.33 s,128081,681.763,518.337,681.763,518.337,595.453,273.872,130.557
1139,V1.F5 Select:9.33 s,23,61.717,982.283,61.717,982.283,5.679,5.157,112.909
1140,V1.F5 Select:9.40 s,2372,202.756,13.332,202.756,13.332,97.073,31.112,178.170
1141,V1.F5 Select:9.40 s,43966,155.828,274.512,155.828,274.512,353.962,158.150,75.709
1142,V1.F5 Select:9.40 s,58,438.069,100.931,438.069,100.931,9.243,7.990,135.000
1143,V1.F5 Select:9.40 s,137481,594.728,544.875,594.728,544.875,568.419,307.953,117.354
1144,V1.F5 Select:9.40 s,22,61.727,982.409,61.727,982.409,5.469,5.122,146.310
1145,V1.F5 Select:9.47 s,124,172.605,4.944,172.605,4.944,16.783,9.407,35.317
1146,V1.F5 Select:9.47 s,325,251.362,3.983,251.362,3.983,48.495,8.533,174.936
1147,V1.F5 Select:9.47 s,32901,122.090,226.838,122.090,226.838,390.980,107.143,41.557
1148,V1.F5 Select:9.47 s,62,437.790,100.758,437.790,100.758,9.577,8.242,125.341
1149,V1.F5 Select:9.47 s,102466,455.847,495.868,455.847,495.868,548.265,237.958,107.107
1150,V1.F5 Select:9.47 s,2035,661.344,436.379,661.344,436.379,57.100,45.377,161.377
1151,V1.F5 Select:9.53 s,382,7.364,46.707,7.364,46.707,27.053,17.979,85.227
1152,V1.F5 Select:9.53 s,57,437.868,100.974,437.868,100.974,9.349,7.763,138.214
1153,V1.F5 Select:9.53 s,165377,342.260,433.261,342.260,433.261,540.621,389.487,118.514
1154,V1.F5 Select:9.53 s,2637,632.500,432.375,632.500,432.375,71.499,46.959,174.081
1155,V1.F5 Select:9.53 s,23,61.630,982.326,61.630,982.326,5.836,5.018,142.108
1156,V1.F5 Select:9.60 s,53,437.858,101.028,437.858,101.028,8.910,7.574,136.927
1157,V1.F5 Select:9.60 s,147398,321.832,467.800,321.832,467.800,559.826,335.235,99.022
1158,V1.F5 Select:9.60 s,2892,594.525,439.309,594.525,439.309,79.349,46.405,14.491
1159,V1.F5 Select:9.60 s,25,61.780,982.300,61.780,982.300,5.925,5.373,59.165
1160,V1.F5 Select:9.67 s,53,437.858,101.028,437.858,101.028,8.910,7.574,136.927
1161,V1.F5 Select:9.67 s,109170,271.373,454.221,271.373,454.221,542.030,256.443,89.662
1162,V1.F5 Select:9.67 s,2157,540.910,451.276,540.910,451.276,58.812,46.698,170.876
1163,V1.F5 Select:9.67 s,26,61.962,982.154,61.962,982.154,5.839,5.669,92.568
1164,V1.F5 Select:9.73 s,58,437.655,100.983,437.655,100.983,9.315,7.928,154.247
1165,V1.F5 Select:9.73 s,137448,233.103,478.365,233.103,478.365,651.119,268.774,74.210
1166,V1.F5 Select:9.73 s,2553,514.801,452.681,514.801,452.681,70.582,46.054,169.420
1167,V1.F5 Select:9.73 s,23,61.717,982.283,61.717,982.283,5.679,5.157,112.909
1168,V1.F5 Select:9.80 s,58,437.741,101.190,437.741,101.190,8.820,8.373,149.958
1169,V1.F5 Select:9.80 s,117448,146.172,489.157,146.172,489.157,632.801,236.314,79.570
1170,V1.F5 Select:9.80 s,2733,473.869,445.377,473.869,445.377,79.115,43.984,7.841
1171,V1.F5 Select:9.80 s,22,61.727,982.409,61.727,982.409,5.469,5.122,146.310
1172,V1.F5 Select:9.87 s,57,437.711,101.044,437.711,101.044,9.139,7.941,160.344
1173,V1.F5 Select:9.87 s,65801,67.393,501.002,67.393,501.002,615.541,136.109,86.906
1174,V1.F5 Select:9.87 s,2107,419.198,450.574,419.198,450.574,58.500,45.858,2.381
1175,V1.F5 Select:9.87 s,22,61.727,982.409,61.727,982.409,5.469,5.122,146.310
